resistivity,temperature
10.135825975516088,23.0
10.25164774328234,25.41210632
10.254244249580506,25.48198938
10.253984612872255,25.522718
10.257879302711888,25.54770765
10.25554250272964,25.5649115
10.260995082426566,25.57748251
10.257100392587027,25.58751151
10.263851155825323,25.59507066
10.266188025415238,25.60162692
10.268524825397487,25.60772171
10.266707298831847,25.61404596
10.261514355843174,25.62137571
10.264889772266201,25.62785468
10.267226572248354,25.63549127
10.268524825397487,25.64343726
10.266707298831847,25.65169007
10.27138096840391,25.66032964
10.276833548100836,25.66966277
10.282286127797764,25.67969204
10.28332474423864,25.69064693
10.280728237940473,25.70275691
10.28877732393557,25.71586987
10.28721943407818,25.72991105
10.279170348083085,25.74526206
10.285921180929142,25.76153874
10.293710630215983,25.7775061
10.294229903632493,25.79424703
10.286700160661669,25.81114017
10.29137376062607,25.82811075
10.296826340322996,25.84531346
10.293191287191712,25.86313506
10.300201756746024,25.88126359
10.297605320055522,25.90047256
10.29656670361474,25.92052994
10.29916320991291,25.94205456
10.311885895872404,25.96457975
10.307471932616258,25.9881107
10.310847349039285,26.01287432
10.305394699734697,26.0380249
10.307991206032863,26.06371458
10.310847349039285,26.08917239
10.307991206032863,26.11493981
10.313443785729794,26.1405553
10.300980736478552,26.16701676
10.317598112277683,26.19324894
10.316559565444566,26.2195561
10.325647198272774,26.24655971
10.325906834981032,26.27387297
10.322271781849746,26.30180276
10.330580504553192,26.33027174
10.331619120993972,26.35897305
10.335773447541865,26.38775197
10.328503341279296,26.41637641
10.33213839441058,26.44592688
10.331878757702228,26.47486127
10.33213839441058,26.50371855
10.343562827220941,26.53257607
10.342783917096178,26.56135648
10.340966390530534,26.59052397
10.347197949959986,26.61992124
10.345640060102598,26.65024719
10.34693824364397,26.68118722
10.355246966347416,26.71228486
10.35316980307352,26.7439218
10.353429439781776,26.77579116
10.350313660066998,26.80796773
10.359401362502972,26.84030193
10.361218889068613,26.8725565
10.356804856204803,26.90458182
10.361738162485125,26.93699176
10.368229358622926,26.96855344
10.369787248480314,27.00111874
10.370306521896826,27.03360699
10.366931105473794,27.06702151
10.373162664903344,27.10036156
10.373941575028107,27.13377675
10.378355538284254,27.16765655
10.376538011718612,27.20184365
10.379394154725134,27.2358789
10.380432771165912,27.27037622
10.38536607744633,27.3044096
10.38250993443981,27.33813635
10.384587097713807,27.37147652
10.387702877428481,27.40443267
10.38718360401197,27.43769611
10.392636183708898,27.47103984
10.393674730542012,27.50361002
10.396530873548436,27.53756837
10.399646653263211,27.57122008
10.398608036822429,27.6051043
10.398867673530685,27.63891147
10.413148318955232,27.67325815
10.401204543120599,27.70706601
10.398608036822429,27.74094902
10.403022069686239,27.77483495
10.405358869668392,27.80848904
10.404839596251884,27.84137208
10.408474649383166,27.87410065
10.411590429097942,27.90651995
10.416004392353988,27.93932655
10.4144465024967,27.97259529
10.423274498616653,28.00547994
10.412888612639312,28.03851971
10.416004392353988,28.07163463
10.417562282211378,28.10521429
10.427948168188719,28.13863949
10.42171667836693,28.17160317
10.42924642133785,28.20510642
10.440411217439957,28.23745151
10.43262183776088,28.26910283
10.425611368206567,28.2995211
10.42716925806386,28.32993706
10.432881474469136,28.35965921
10.437295437725279,28.38876492
10.43781478074955,28.41732902
10.438334054166061,28.44597077
10.444565613595515,28.47492241
10.436256890892166,28.50395171
10.43989194402345,28.53274902
10.444825250303866,28.56216331
10.445863797136981,28.59049922
10.440930560464228,28.61891021
10.442228744005602,28.64662728
10.44508488701212,28.67473166
10.446902413577762,28.70275885
10.44560416042863,28.72993728
10.448460303435152,28.75680625
10.453393609715468,28.78421479
10.4507971034173,28.81000292
10.452874266691294,28.83617834
10.449239213559915,28.8621217
10.453393609715468,28.88721622
10.459625099537257,28.91300514
10.452614629982945,28.93840972
10.458067209679967,28.96365708
10.457288299555104,28.98929432
10.459884805853273,29.01384782
10.464039132401163,29.0387112
10.46196196912717,29.0633425
10.46040407926978,29.0878217
10.460663715978134,29.11168167
10.467674185532447,29.13592895
10.463000515960285,29.1601764
10.461702332418916,29.18388203
10.471309238663732,29.20797498
10.465077748841946,29.23214552
10.468972438681483,29.25538967
10.467933822240703,29.27824683
10.466116295675063,29.30110415
10.475723271527542,29.32403905
10.47234785510451,29.34705154
10.472867128521118,29.3698319
10.467154912115841,29.39207296
10.469232075389836,29.41400444
10.475203928503271,29.43578378
10.479098687950572,29.45663405
10.472607491812767,29.47818137
10.479617961367081,29.49895447
10.47806007150979,29.51949798
10.476761818360657,29.53973187
10.476761818360657,29.56073766
10.476242544944148,29.58151127
10.481175851224467,29.60174554
10.479358324658827,29.62182505
10.486888067629748,29.64136519
10.481695124641075,29.66075057
10.484031924623226,29.67998119
10.48636879421314,29.69944166
10.487147704338001,29.71905969
10.48818632077878,29.73829064
10.489224867611899,29.75775403
10.483253014498462,29.77721494
10.485849520796629,29.79644623
10.488445957487036,29.81583251
10.490003847344425,29.83575841
10.488705594195386,29.85468284
10.48974421063617,29.8736048
10.487926684070526,29.89214222
10.487147704338001,29.91075461
10.490523120761031,29.92859782
10.485589814480614,29.94566667
10.491821373910065,29.9628905
10.49104239417754,29.98003698
10.499351116880986,29.99672144
10.494677516916585,30.01340599
10.487667047362272,30.03016548
10.494417810600572,30.0473123
10.494417810600572,30.06407455
10.49623533716621,30.08068198
10.494158173892316,30.09744181
10.49727395360709,30.11397196
10.493638900475707,30.13080941
10.501428280154881,30.14733973
10.500909006738375,30.16394757
10.499610753589241,30.18001335
10.502726533304013,30.19677626
10.50740020287608,30.21284219
10.499870459905257,30.22975759
10.501947623179152,30.24613349
10.496495043482229,30.26243201
10.499091480172732,30.27865317
10.508438819316957,30.29533912
10.50506340289393,30.31132807
10.500909006738375,30.32778182
10.502986170012269,30.34377351
10.500389733321768,30.35984014
10.511814166132226,30.37621668
10.509217729441723,30.39197623
10.504544059869659,30.40835292
10.500649370030018,30.42426496
10.507919476292686,30.44017707
10.505842313018691,30.45701873
10.506621223143554,30.47270121
10.50350551303654,30.48838118
10.504803696577914,30.50445109
10.508958092733469,30.52036358
10.50973700285833,30.53573651
10.506101949727045,30.55219137
10.50740020287608,30.56802662
10.516747472412643,30.58370962
10.511814166132226,30.59993233
10.516228198996036,30.61600019
10.517266815436914,30.63207071
10.509477366150074,30.64806127
10.513372055989615,30.66412937
10.517266815436914,30.68027758
10.513372055989615,30.69719534
10.515968562287782,30.7131862
10.51467030913865,30.72987432
10.521940415401314,30.74663739
10.514151035722138,30.76317074
10.520642231859846,30.77954925
10.522200052109568,30.79662243
10.518045725561677,30.8132335
10.521680778692962,30.82999957
10.520901868568199,30.84707301
10.524796558407736,30.86383926
10.521680778692962,30.880603
10.5255754685326,30.89814151
10.5255754685326,30.91513783
10.519084342002555,30.93259904
10.5234983052587,30.94990541
10.525056195115992,30.9671344
10.52843161153902,30.98436348
10.529210591271546,31.000898
10.529470227979896,31.01828219
10.530249138104665,31.03481688
10.529470227979896,31.05212378
10.532326301378658,31.06919835
10.533364917819437,31.08619554
10.531028117837188,31.10427484
10.532326301378658,31.12135226
10.531028117837188,31.13935427
10.537519244367328,31.15673918
10.53596135450994,31.17505128
10.541933277231138,31.19258874
10.537519244367328,31.21067119
10.533884191235947,31.22882863
10.53596135450994,31.24714113
10.53855786080811,31.26537624
10.543231530380174,31.28430616
10.537519244367328,31.30300634
10.54141400381453,31.3221689
10.543231530380174,31.34094418
10.544789350629896,31.36126654
10.548684110077195,31.38058439
10.541933277231138,31.4005196
10.547385856928063,31.41983767
10.546347240487284,31.43946578
10.545308693654166,31.45978615
10.553357710041594,31.47956946
10.547126220219809,31.4984231
10.557771742905404,31.51843649
10.54946302020196,31.53829762
10.552319163208482,31.55792384
10.548684110077195,31.57817003
10.553098073333244,31.59888124
10.552578799916736,31.61935755
10.556473489756273,31.63999154
10.557512106197155,31.66070055
10.555175236607239,31.68179971
10.558031379613661,31.70297131
10.56010854288756,31.72345084
10.564003302334857,31.74447031
10.56244541247747,31.76479512
10.56374359601894,31.78550749
10.560887522620085,31.80613992
10.567378718757887,31.82693003
10.569975155448393,31.84864497
10.564522575751466,31.87036006
10.570234792156644,31.89285018
10.571013771889172,31.91510799
10.573610208579677,31.93767332
10.57153304530578,31.96024139
10.574908461728711,31.98319449
10.573610208579677,32.00614775
10.574908461728711,32.02886868
10.575687371853574,32.05143736
10.580361041425734,32.07392871
10.585034710997798,32.09618513
10.580361041425734,32.11836679
10.581139951550497,32.14116856
10.59256445396872,32.16396791
10.5897083109622,32.1865375
10.585553984414407,32.20979956
10.588410127420829,32.23391425
10.595420596975144,32.25802912
10.593343433701246,32.28191166
10.593603070409499,32.30656937
10.592824090676972,32.33099218
10.5897083109622,32.35611267
10.589968017278215,32.38084585
10.59256445396872,32.40542678
10.597757396957393,32.43000532
10.593603070409499,32.45543656
10.601132813380325,32.48094292
10.600873176672069,32.50714702
10.603988956386841,32.53365875
10.605287139928214,32.5593233
10.605287139928214,32.58568043
10.608143282934638,32.61211787
10.605287139928214,32.63894046
10.608922193059497,32.66553074
10.59256445396872,32.69243127
10.607104666493855,32.71894706
10.609701172792022,32.74608055
10.611518699357667,32.7728267
10.618009895495472,32.79996062
10.620087058769368,32.82778979
10.622943201775888,32.85554167
10.620865968894229,32.88344881
10.624501022025512,32.91259124
10.614894115780695,32.94088642
10.623462475192396,32.97026189
10.618009895495472,32.99940765
10.621644948626756,33.02855367
10.630213308038455,33.05762242
10.63125185487157,33.08676636
10.633848361169738,33.11606817
10.63125185487157,33.14490512
10.63332908775313,33.17420486
10.635925524443635,33.20288985
10.637743051009277,33.23335033
10.643195630706302,33.26311597
10.643714973730475,33.2939646
10.64631141042098,33.32504609
10.643195630706302,33.35674548
10.642157083873185,33.38805754
10.647090390153505,33.41921743
10.647869300278366,33.45114769
10.635665887735382,33.48300333
10.644234247147079,33.51454915
10.651244716701397,33.54586527
10.657216569814928,33.57795439
10.65332187997529,33.60911346
10.652802606558783,33.64120318
10.651763990117905,33.67352322
10.661370965970384,33.70654136
10.66734281908392,33.73940477
10.666563908959057,33.77273111
10.664746382393416,33.80605778
10.667083182375665,33.8394649
10.66734281908392,33.87302484
10.66578492922653,33.90658512
10.665525292518275,33.93991313
10.669939325382087,33.97370669
10.675651541787364,34.00680533
10.669939325382087,34.04067711
10.674093651929978,34.07501189
10.678247978477868,34.10926948
10.68655670118122,34.14391513
10.677469068353007,34.1790264
10.68110412148429,34.21382786
10.685258517639845,34.249325
10.686816337889471,34.2842797
10.688633864455115,34.31970003
10.6940865137598,34.35496824
10.687595317621996,34.39007913
10.685258517639845,34.42542563
10.685777791056358,34.46022706
10.69304789731902,34.49464628
10.701875893438977,34.52944844
10.701875893438977,34.56440864
10.699019750432457,34.59929166
10.703433783296367,34.63502554
10.705770583278515,34.67037204
10.704472399737144,34.7055638
10.709665342725813,34.74168659
10.701616256730626,34.77749955
10.704732036445398,34.81276999
10.707328473135902,34.84804081
10.702135530147231,34.88292678
10.710184616142325,34.91765799
10.712521416124575,34.95231201
10.718493338845771,34.98657857
10.716416105964115,35.02092564
10.72134941224453,35.05635377
10.720570502119669,35.09154958
10.720830138827925,35.1262054
10.723426645126189,35.16202247
10.724724828667558,35.19752966
10.724724828667558,35.23234171
10.728879224823114,35.26777207
10.72991777165623,35.30382337
10.731216024805265,35.33894421
10.72991777165623,35.3749187
10.734851077936549,35.41081342
10.740563294341827,35.44593797
10.742640527223488,35.48160332
10.743159800639997,35.51750177
10.739784384216966,35.55370832
10.74861238033692,35.59053586
10.749910633486053,35.62720866
10.744458053789128,35.66380428
10.749391360069447,35.69977967
10.74913165375353,35.73691914
10.750170270194308,35.77444433
10.752247433468206,35.81080882
10.756142123307843,35.84725128
10.758219356189406,35.88384931
10.756142123307843,35.91975207
10.757440376456877,35.95596297
10.765229825743715,35.99225184
10.766268372576834,36.02900662
10.762114046029039,36.06637991
10.758998266314263,36.10336827
10.769384152291604,36.14105275
10.767826262434221,36.17811694
10.772499932006383,36.2162678
10.776654258554174,36.25317763
10.77795251170331,36.28985769
10.776134985137665,36.3271563
10.77977003826895,36.36391476
10.77925076485234,36.40075122
10.781587564834592,36.43766568
10.778991128144089,36.47442276
10.786001597698402,36.512577
10.782885817983727,36.54980049
10.786001597698402,36.58795559
10.797685667217118,36.62549032
10.792492724228445,36.66287028
10.797166393800605,36.70009544
10.794829593818356,36.73824967
10.789117307805414,36.77571107
10.800022536807028,36.81340053
10.800282173515283,36.85016433
10.800282173515283,36.88739416
10.803917226646666,36.92438901
10.801061083640146,36.96107642
10.812225949350015,36.99807467
10.80859089621873,37.03468528
10.81274522276662,37.07144892
10.814043475915655,37.10837078
10.807811916486205,37.14521543
10.81274522276662,37.18112914
10.81326449618313,37.21712343
10.819496055612584,37.25311811
10.817938165755292,37.28911059
10.821313582178224,37.32502843
10.819496055612584,37.35994022
10.822611835327358,37.39547073
10.82183285559483,37.43038326
10.825208272017859,37.46552642
10.827545141607773,37.50020682
10.829881941589925,37.53612693
10.83014157829828,37.57204483
10.834036268137815,37.60866172
10.834295904846071,37.64481586
10.835853794703457,37.6812783
10.832997721304698,37.71727797
10.841825717424657,37.75319782
10.830920558030803,37.78881013
10.838969574418233,37.82442282
10.842344990841164,37.85957271
10.842604627549518,37.89479801
10.83974855415076,37.93002627
10.845980043972546,37.96548521
10.846759023705072,38.00102215
10.849355460395575,38.03671473
10.852990513526859,38.0719419
10.85143262366947,38.10794577
10.851951966693743,38.14379477
10.85454840338415,38.17917833
10.853769493259385,38.21409904
10.860520326105345,38.24963862
10.859481709664568,38.28432715
10.862078215962734,38.31878312
10.859222072956312,38.35293148
10.859741346372818,38.3865367
10.864934289361491,38.42138193
10.867790432368011,38.45622494
10.872983375356682,38.49200002
10.869607958933655,38.52754255
10.873243012064938,38.56347369
10.873762285481448,38.59979085
10.875839448755443,38.63556747
10.882330644893148,38.67181035
10.87843595505361,38.70727715
10.873762285481448,38.74274432
10.887004314465308,38.77805657
10.882330644893148,38.8136798
10.891677984037376,38.84891773
10.888821841030953,38.88399815
10.884407808167142,38.91939213
10.890120094179988,38.95400995
10.889341114447463,38.98901382
10.886485041048703,39.02394298
10.890379730888341,39.05902782
10.89557267387701,39.09279545
10.893755147311273,39.1258645
10.8971305637343,39.15885881
10.901284890282191,39.19092412
10.895832310585266,39.22337545
10.89557267387701,39.25582709
10.904660306705223,39.28874502
10.905958559854257,39.32205159
10.90725681300339,39.35612993
10.910891866134675,39.3909076
10.91063222942642,39.42537497
10.909853249693892,39.46077469
10.915046192682565,39.49586152
10.915046192682565,39.53118431
10.916344445831598,39.56658255
10.920239135671238,39.6016705
10.91971986225463,39.63683907
10.917382992664715,39.67193034
10.91764269898073,39.7072524
10.917902335688987,39.74265251
10.91296902940857,39.77758954
10.922056662236876,39.81213857
10.927768878642059,39.84637985
10.932702184922476,39.88108236
10.928547858374586,39.91594316
10.937116217786285,39.95134807
10.93010574823197,39.98675076
10.93581796463725,40.02161266
10.931404001381104,40.05717146
10.931404001381104,40.09172338
10.930625021648579,40.12619797
10.93296182163073,40.16028711
10.93633723805376,40.194374
10.942568797483212,40.22823078
10.942568797483212,40.2615467
10.93971265447679,40.29532647
10.949579267037526,40.32933705
10.946463487322848,40.36381669
10.949838903745876,40.39867994
10.951396793603166,40.43300491
10.949838903745876,40.46787147
10.952435410044043,40.50304657
10.95503184673445,40.53760309
10.96256158970537,40.57324507
10.956070463175328,40.6090428
10.962821296021387,40.64437477
10.96515809600354,40.67932123
10.965677369420147,40.71434574
10.96515809600354,40.74913754
10.963600206146152,40.7840074
10.973726455415239,40.81972969
10.97424572883175,40.85475309
10.972428202266105,40.89070924
10.970870312408818,40.92666578
10.969572128867348,40.96354993
10.970610675700465,40.99981805
10.973726455415239,41.03585087
10.977880781963128,41.07165356
10.983852704684328,41.10737893
10.979698308528773,41.1433378
10.979958014844694,41.17883082
10.98800703123212,41.21486816
10.990603537530289,41.25098101
10.986968484399004,41.2867083
10.992680700804282,41.32321046
10.988526304648728,41.35909394
10.991901721071757,41.39536377
10.999691170358595,41.43124802
10.999431533650245,41.46713266
11.000729717191714,41.50262912
10.994498227369927,41.5389031
11.006182366496304,41.57455575
11.003585860198134,41.61082791
11.000729717191714,41.64617047
11.004624476638917,41.68221285
11.017866436015018,41.71747844
11.013971746175477,41.75406303
11.014750725908005,41.79072574
11.012673493026346,41.82793289
11.013712109467221,41.86482958
11.016827889181899,41.90110489
11.013452472758871,41.93660596
11.018905052455894,41.97086901
11.015789272741122,42.00574902
11.020722579021538,42.04070972
11.017606799306762,42.07636772
11.023059379003689,42.11210383
11.022799742295435,42.14838183
11.018645415747544,42.184896
11.026954138450991,42.22156344
11.028512028308375,42.2577649
11.025396248593601,42.29404448
11.028512028308375,42.33017158
11.031368101707136,42.36598814
11.036561044695807,42.40226889
11.039157550993973,42.43878325
11.040975077559617,42.47591988
11.042013624392732,42.5129766
11.040975077559617,42.5505779
11.037340024428334,42.58895699
11.049543436971318,42.62787552
11.045908383840034,42.66656388
11.047206567381403,42.70564138
11.05889070650778,42.74487224
11.058631069799528,42.7841813
11.06330473937169,42.82387954
11.067199429211229,42.86381148
11.060188959656912,42.90374131
11.062006486222558,42.9438297
11.063564376079945,42.98461312
11.062525759639163,43.02478023
11.07135375575912,43.06541172
11.066420449478704,43.10557722
11.068237976044342,43.14458211
11.06668015579462,43.18428204
11.076806335456045,43.22390728
11.081480005028109,43.26438569
11.074729172182051,43.30517561
11.085115058159394,43.34642997
11.082518621468987,43.38846241
11.085894037891919,43.4315788
11.093423780862839,43.47337903
11.089269454314948,43.5159548
11.087971201165914,43.55837558
11.0942026909877,43.60087466
11.095760580845088,43.64352722
11.095500944136734,43.6866495
11.094981670720225,43.72860586
11.101472866857934,43.77040981
11.109781519953714,43.81166992
11.101213160542015,43.85254429
11.104069303548437,43.89364988
11.108223699703991,43.93421418
11.104848283280962,43.97586516
11.114974462942289,44.01643046
11.113935916109172,44.05800469
11.117570969240553,44.0994239
11.110820136394498,44.14138545
11.124321802086515,44.18272792
11.124581438794866,44.22430422
11.121465659080092,44.26580327
11.118349879365319,44.30699431
11.12925510836693,44.34740807
11.129514745075186,44.38859753
11.135486598188722,44.43025418
11.136784851337854,44.47245324
11.137044488046106,44.5147306
11.138342741195142,44.55825046
11.144833937332946,44.60099562
11.145353210749454,44.6445166
11.143795320892167,44.68757142
11.14223743103478,44.73078238
11.14665146389859,44.77337417
11.147690010731704,44.81666403
11.147690010731704,44.85987925
11.157816260000795,44.90285906
11.153921570161156,44.94491109
11.159114513149827,44.98866734
11.156258370143405,45.03149581
11.161710949840332,45.07510019
11.16093203971547,45.11909154
11.171577562401067,45.16323907
11.16093203971547,45.20793177
11.159374149858083,45.25254727
11.169240762418918,45.29661875
11.169760035835425,45.3401488
11.166903892829003,45.38282617
11.17105828898456,45.42449523
11.175991595264975,45.46562017
11.1814441749619,45.50612576
11.183261701527545,45.5461676
11.181703811670156,45.58776089
11.185079228093183,45.62919908
11.184559954676578,45.67110204
11.188973917932723,45.71324157
11.192608971064008,45.75569027
11.190272171081856,45.79798389
11.199359803910067,45.84097578
11.200917693767455,45.88420167
11.195465114070528,45.92634388
11.19780191405268,45.96817536
11.203514130457958,46.00984913
11.202215946916589,46.05168165
11.204552746898738,46.09211653
11.201956310208233,46.13363881
11.208966779762548,46.17539506
11.207408889905162,46.21707401
11.215977249316861,46.25766655
11.217794775882506,46.3002
11.221949102430395,46.3421114
11.222987718871176,46.38387026
11.221429829013884,46.42601618
11.220910555597277,46.46785392
11.22402626570429,46.50984525
11.228959571984708,46.55191753
11.215717612608605,46.59360119
11.228959571984708,46.63644766
11.229478845401315,46.6786772
11.228699935276452,46.72183611
11.231296371966955,46.76460899
11.239085821253797,46.80691539
11.246096290808108,46.84937801
11.23856654783719,46.89199685
11.239085821253797,46.93461623
11.243240147801592,46.97653559
11.236229678247275,47.01876685
11.244798037658976,47.05952482
11.242201600968475,47.10067251
11.255183923636318,47.14181811
11.248952433814534,47.18281112
11.250250617355904,47.22395773
11.26037686662499,47.26464037
11.260117229916736,47.30586584
11.266348789346189,47.34724752
11.263492646339765,47.38824305
11.265050536197055,47.43071307
11.266348789346189,47.47248556
11.27050311589408,47.51410286
11.26816631591183,47.55486429
11.26712769947105,47.59586238
11.272580279167977,47.63709194
11.274397805733619,47.67739033
11.277513585448393,47.71691582
11.28348550816959,47.75705945
11.284783691710963,47.79712831
11.287639834717384,47.83836036
11.291015251140411,47.8804468
11.286341581568347,47.92432201
11.288159108133991,47.96788635
11.289197724574771,48.01160439
11.293611687830916,48.05493886
11.30399757380826,48.09842704
11.297506447278217,48.14183791
11.29776608398647,48.18532722
11.299064337135508,48.22819414
11.303478300391653,48.26997661
11.307892333255557,48.31183748
11.30166077382601,48.35323164
11.311008043362571,48.39423695
11.307632696547207,48.43594362
11.314383459785601,48.47679679
11.318018582524552,48.51780621
11.315422076226382,48.55842415
11.318537855941157,48.59982397
11.314643166101522,48.6416085
11.322692182488948,48.68339616
11.325288688787118,48.72409659
11.318537855941157,48.76479752
11.321134292631564,48.80635307
11.328664105210148,48.84728866
11.328664105210148,48.88752379
11.327885125477621,48.92869143
11.334635958323682,48.9697843
11.339309627895746,49.01235234
11.33567457476446,49.05507412
11.344762207592769,49.09834426
11.345800824033551,49.14130081
11.339828901312353,49.18472526
11.33801137474671,49.22892921
11.3481376240157,49.27212112
11.348656897432308,49.3151578
11.3481376240157,49.35819763
11.349695513873089,49.40053694
11.356705983427402,49.44241201
11.3481376240157,49.48319701
11.353590203712725,49.52414091
11.365014706130848,49.56547222
11.366572595988236,49.60773886
11.36579361625571,49.65031505
11.364754999814831,49.69203484
11.368909395970388,49.734381
11.367611142821351,49.77625765
11.37202517568516,49.818836
11.367351506112998,49.86087213
11.37098655924438,49.90275038
11.374621612375666,49.9442422
11.37202517568516,49.98627991
11.376179502233054,50.02839347
11.379295281947728,50.07120877
11.386305751502041,50.11402462
11.38267069837076,50.15691634
11.386825024918648,50.19942163
11.39020044134168,50.24200538
11.390979421074206,50.28474551
11.385526771769516,50.3279511
11.389681167925072,50.37014949
11.393056584348102,50.41312243
11.391758331198966,50.45446736
11.396432000771133,50.4958102
11.395133747622001,50.53583146
11.403961743741954,50.57577786
11.399028437461634,50.61580268
11.40655825004012,50.65536041
11.401884580468055,50.69623818
11.414866903135904,50.73758663
11.417463409434072,50.77800043
11.417723046142328,50.81996813
11.41798268285058,50.86217275
11.416684429701544,50.90476497
11.421098462565356,50.94696806
11.419540572707968,50.98956136
11.419280935999712,51.03285403
11.422137079006136,51.07467166
11.428368568827922,51.11679897
11.440312344662653,51.15900735
11.426291405554027,51.20136954
11.438754454805267,51.24381022
11.44109132439518,51.28594226
11.443687761085684,51.32869318
11.442908850960821,51.3708263
11.447842087633477,51.41358091
11.451996483789033,51.45641141
11.451996483789033,51.49916711
11.448101793949492,51.5424664
11.45017895722339,51.58514526
11.45147714076486,51.6289913
11.447842087633477,51.67260407
11.456670083753533,51.71606151
11.455112263503805,51.76014054
11.454333283771282,51.80375503
11.467055969730776,51.84760395
11.463161279891235,51.89129753
11.46679633302252,51.93522297
11.465238443165132,51.97844996
11.47354716586858,52.02198935
11.470431386153805,52.06506414
11.480297998714638,52.10953759
11.47354716586858,52.15323461
11.473287529160324,52.19623055
11.476143672166746,52.23961685
11.483154141721059,52.28409263
11.484452394870193,52.32888086
11.484971668286702,52.37390359
11.488087448001476,52.41861246
11.485490941703308,52.46278134
11.493540027698403,52.50585924
11.491203158108489,52.54924958
11.49068388469198,52.59264049
11.496396101097162,52.63634385
11.499511880811935,52.68082492
11.497694354246294,52.72429551
11.500031223836109,52.76784465
11.503925913675745,52.81085111
11.504964460508862,52.8543234
11.505483803533133,52.89771828
11.512494273087448,52.94080441
11.507820603515283,52.98388849
11.509897766789276,53.02790891
11.518725762909233,53.07122807
11.523659069189554,53.11532503
11.522880159064789,53.15856734
11.521322269207403,53.20259007
11.52417834260616,53.24668876
11.526515212196074,53.29102461
11.534564228583504,53.33551442
11.532227428601255,53.38031419
11.533006408333781,53.42457383
11.532227428601255,53.46867547
11.539497534863823,53.51168838
11.542094041162088,53.5554038
11.543651931019376,53.59818646
11.549883420841166,53.64205901
11.543651931019376,53.68616352
11.553778180288464,53.7312046
11.548325530983778,53.7757003
11.551181673990298,53.82073999
11.56078864984278,53.8659363
11.559750033401999,53.91097981
11.555336000538189,53.9553219
11.558971123277137,54.0000546
11.560269306818507,54.04362042
11.564683339682318,54.08780827
11.571174535820122,54.13215271
11.56598159283145,54.17673178
11.57065519279585,54.22084598
11.574030609218878,54.26635975
11.577146388933656,54.31187416
11.576367478808793,54.35762062
11.581300715481449,54.40383839
11.58311824204709,54.45021024
11.580521805356588,54.49689219
11.582079695213974,54.54256578
11.585195474928748,54.58925163
11.587272638202647,54.63508252
11.587532274910899,54.68153561
11.584676131904477,54.72666558
11.587791911619252,54.77210825
11.598697071013106,54.81731747
11.605967246883434,54.86213978
11.607005793716551,54.9075843
11.608044410157332,54.95365366
11.605707540567419,54.99909943
11.6046689937343,55.04415567
11.610640846847836,55.08827877
11.61817065942642,55.1327926
11.608044410157332,55.17645128
11.61141982658036,55.21964494
11.62050745940857,55.26198078
11.622324985974213,55.30447322
11.624921492272382,55.34696621
11.61998818599206,55.39008404
11.621026732825179,55.43413369
11.622324985974213,55.47857411
11.635307378249724,55.5220032
11.634528398517196,55.56551351
11.63582665166633,55.61010916
11.635047671933805,55.65642238
11.639461704797613,55.70312125
11.63634592508284,55.74974534
11.639980978214124,55.79559221
11.641279231363256,55.8419054
11.643356394637152,55.8875194
11.644135374369679,55.93282182
11.647251084476787,55.977425
11.656338786912663,56.02234099
11.65555980718014,56.06717693
11.655040533763627,56.11279402
11.667243946306614,56.15864589
11.66412816659184,56.20512025
11.667763219723126,56.25105146
11.670878999437898,56.29760256
11.673994779152672,56.34283511
11.668801836164002,56.38744379
11.665166783032618,56.43213113
11.672436889295287,56.47712871
11.672177252586934,56.52142694
11.679187722141247,56.56549416
11.68567891827905,56.60909358
11.685938554987304,56.65331549
11.693987571374736,56.69831867
11.689313971410336,56.74355407
11.701777020661575,56.78949271
11.691391134684231,56.83496355
11.706450690233737,56.8816009
11.696324440964649,56.92808535
11.695805097940378,56.97457046
11.693987571374736,57.02019999
11.710864653489882,57.06513005
11.70229629407818,57.11060467
11.70047876751254,57.15568951
11.712422543347174,57.20062141
11.712941816763777,57.24555391
11.722029519199749,57.29110908
11.716576869895063,57.33720884
11.720990902758873,57.38416817
11.721510176175478,57.43159406
11.716057596478555,57.47847403
11.719433012901485,57.52520109
11.71813475975245,57.57068199
11.734752205159245,57.61709799
11.73734864184975,57.6629706
11.728780282438048,57.70993192
11.731376788736217,57.75611819
11.746176637969702,57.80175844
11.740983694981034,57.84786528
11.744359111404064,57.89303821
11.7521485606909,57.93891463
11.752408197399156,57.98393521
11.746176637969702,58.02864139
11.74461881771998,58.07342889
11.744878454428333,58.11806078
11.752927470815761,58.16354979
11.750850307541766,58.20857341
11.757081866971317,58.25343883
11.758899393536959,58.29799503
11.76694840992439,58.34356461
11.75863975682861,58.38859066
11.76461160994214,58.43361473
11.766429136507782,58.47918616
11.77032382634742,58.52592728
11.776295749068616,58.57259095
11.785383381896827,58.61979946
11.782267602182053,58.66646444
11.771622079496455,58.71235153
11.779930802199901,58.75808302
11.787460545170722,58.80404689
11.781229055348934,58.84861047
11.785902655313336,58.89247418
11.786681635045861,58.93696082
11.794471014725035,58.98027885
11.79291312486765,59.0241443
11.79576926787417,59.06785407
11.802000827303623,59.11304358
11.79862541088059,59.15924934
11.806674427268021,59.20584377
11.805116537410633,59.25204821
11.813944603138353,59.29872207
11.810828823423577,59.34547471
11.811088460131831,59.39199361
11.80875166014968,59.43983621
11.812905986697475,59.48713517
11.820955072692662,59.5344374
11.823551509383169,59.58134702
11.815762129703995,59.62849432
11.83108125235399,59.67517086
11.829523432104368,59.72247577
11.834976011801293,59.76962247
11.831340958670008,59.81700426
11.82978306881262,59.86493372
11.836793538366932,59.91200429
11.836793538366932,59.96040138
11.839389975057438,60.0076322
11.842246118063859,60.05439221
11.844842554754365,60.10185621
11.844323281337758,60.14939903
11.846140807903396,60.19616364
11.839649611765692,60.24378597
11.851593387600422,60.2903956
11.860421383720377,60.33645881
11.856267057172484,60.38166818
11.853151277457712,60.42718817
11.856267057172484,60.47380038
11.861460000161157,60.51932163
11.85808458373813,60.56554434
11.866912579858083,60.61176768
11.863277526726801,60.65861696
11.87236515955501,60.70655856
11.868730106423726,60.75340656
11.876519555710566,60.80064866
11.873663412704142,60.84851154
11.898329874498366,60.89544232
11.880933518966708,60.94104752
11.880933518966708,60.98688785
11.888203625229279,61.03342974
11.890021151795018,61.08075138
11.886126461955381,61.12916549
11.894694821367082,61.17812492
11.89729132766525,61.22661863
11.897031690956995,61.27449024
11.892617658093185,61.32244073
11.89807023779011,61.3703893
11.90196492762965,61.41896399
11.906898233910068,61.46769576
11.898329874498366,61.51603733
11.91312979333952,61.56445779
11.91312979333952,61.61178699
11.919101646453052,61.66075614
11.919101646453052,61.70941326
11.914428046488654,61.75728923
11.920919173018696,61.80438923
11.92247706287608,61.85156547
11.92039989960209,61.89796309
11.930006875454664,61.94381663
11.92403495273347,61.98927984
11.922996336292593,62.03630493
11.92844898559728,62.08223597
11.933122585561678,62.12645516
11.935199818443337,62.17106331
11.944806724688059,62.21543747
11.941690944973379,62.25996863
11.943248834830767,62.30489137
11.945845341128935,62.35082612
11.95181719424237,62.39637311
11.953894357516367,62.44161051
11.951557557534116,62.48801637
11.957789116963568,62.53551515
11.95415399422462,62.58402868
11.950778647409255,62.63215188
11.96272235363632,62.67934249
11.958827663796685,62.72731065
11.964020606785358,62.77473463
11.966097770059351,62.82130158
11.96817500294091,62.86779357
11.964020606785358,62.91381432
11.973108239613664,62.95890234
11.97622401932834,63.00328703
11.971550349756276,63.04759409
11.987648521746562,63.09190436
11.985571358472567,63.13722685
11.984532742031787,63.18184858
11.990764301461239,63.22740696
11.981416962317013,63.2734353
11.986609905305686,63.31985279
11.986090631889175,63.36673767
11.993360738151742,63.41276794
11.998553681140411,63.46051463
11.993620374859999,63.50787086
12.004265897545594,63.55554068
12.010237820266791,63.60438203
11.998553681140411,63.6532215
12.004785240569865,63.70097164
12.010237820266791,63.74840954
12.016729016404595,63.79553778
12.016209673380327,63.84180609
12.013613236689821,63.88799682
12.008939567117757,63.93372137
12.02036406953588,63.97991598
12.02114297966074,64.02673194
12.027374539090193,64.07433097
12.034385008644506,64.12224366
12.027634175798447,64.16945284
12.033346392203727,64.21650882
12.034125371936252,64.26418881
12.035423555477625,64.31217988
12.037500788359282,64.36079762
12.034385008644506,64.40996382
12.044511257913596,64.46045578
12.0385393351924,64.51110241
12.039058608608908,64.56081599
12.038279698484045,64.6099069
12.048665584461387,64.65883941
12.0556760540157,64.70691705
12.050483111027033,64.75460409
12.055416417307445,64.80150924
12.067619829850432,64.84896286
12.060349723587862,64.89610673
12.062167250153507,64.94519999
12.063725140010893,64.99382701
12.062426886861761,65.04245473
12.075409209529605,65.09045966
12.067360193142179,65.13822787
12.078005715827777,65.18498451
12.071774156398321,65.23182008
12.07099524627346,65.27701787
12.070735609565208,65.3223702
12.074370662696492,65.36772315
12.081121495542549,65.41393773
12.079823242393415,65.45991552
12.088391601805121,65.50558345
12.094363454918556,65.55047186
12.08917051192998,65.59567138
12.098777487782462,65.64149773
12.101633630788884,65.68865286
12.109423010468058,65.7360409
12.100075740931496,65.78405325
12.096700324508467,65.82988221
12.102412540913743,65.87493157
12.11020192059292,65.91966841
12.110980900325442,65.96393614
12.11565456989751,66.00773734
12.121107149594437,66.05239768
12.118251006588016,66.0978389
12.116433480022373,66.14351562
12.125780749558837,66.18981929
12.124222929309212,66.23541898
12.112019516766225,66.28062783
12.130194782422743,66.32576161
12.134868451994809,66.37011305
12.129935145714393,66.41344984
12.13331056213742,66.45717868
12.1475911379544,66.49973884
12.139542051959209,66.54315562
12.135906998827922,66.58618408
12.15200517081821,66.63077391
12.141359578524852,66.67661196
12.140321031691732,66.72292307
12.144475358239625,66.76993435
12.149668301228298,66.81765106
12.157977023931647,66.86583829
12.150966554377334,66.91402361
12.158496297348252,66.96213394
12.152524444234722,67.01086622
12.155120880925223,67.05983677
12.142138558257376,67.10747933
12.16914182003385,67.15324826
12.175633016171654,67.19870457
12.16914182003385,67.24369421
12.173555852897662,67.29048053
12.170959416207154,67.33796977
12.182124212309361,67.38600531
12.171997963040273,67.4345898
12.1813453021845,67.48426888
12.183162828750143,67.53379207
12.190173298304453,67.58261369
12.188096065422892,67.6310444
12.188615408447163,67.67752289
12.190432935012808,67.72462864
12.1813453021845,67.77142175
12.201857367823262,67.81719985
12.191211845137572,67.86133625
12.193029371703213,67.90586489
12.194067988144091,67.9490677
12.199260931132763,67.99375418
12.21743619678918,68.03883034
12.206011763978724,68.08453379
12.211204706967395,68.13094291
12.212502890508866,68.17898994
12.222369503069597,68.22664858
12.208348563960971,68.27516704
12.222109866361347,68.32337546
12.228081719474876,68.37048778
12.226783535933407,68.41776007
12.229639609332166,68.46479538
12.236390442178223,68.51214475
12.222369503069597,68.55918402
12.225225646076021,68.6061456
12.228601062499052,68.6530295
12.240804475042033,68.7020217
12.238467605452124,68.75054711
12.234572915612585,68.7991516
12.243660548440793,68.84822691
12.24859385472121,68.89761377
12.25300788758502,68.94637712
12.24859385472121,68.99576543
12.24781494459635,69.04601382
12.24729567117984,69.09548197
12.260277993847591,69.14596695
12.259758720431083,69.19731468
12.273260386123196,69.24842551
12.26547093683626,69.30008567
12.273000679807183,69.35135481
12.257681557157182,69.40106263
12.261056903972447,69.44889558
12.26832707984278,69.49610227
12.278453329111768,69.54292039
12.282607655659664,69.5896608
12.27637609623021,69.6374181
12.287281325231824,69.68478422
12.278972602528377,69.73160501
12.282867292367918,69.77952111
12.283905908808794,69.82790555
12.295330341619255,69.87652583
12.304158337739208,69.92506845
12.286761982207553,69.97361178
12.303119790906093,70.0218449
12.308312733894763,70.06874622
12.297667211209069,70.11690235
12.312726697150813,70.16584041
12.30519695417999,70.21461981
12.3142845870082,70.26269967
12.308053097186415,70.31007473
12.307793390870492,70.35839114
12.308312733894763,70.40826824
12.31610211357384,70.45830548
12.317660003431227,70.5070918
12.327007342575452,70.55642498
12.332459922272381,70.60677543
12.336873885528526,70.65712664
12.33869141209417,70.70748124
12.330902032414993,70.75752038
12.333758105813752,70.8069357
12.33713352223678,70.85478895
12.343365081666333,70.90272129
12.345701881648484,70.94987029
12.33583533869541,70.99803923
12.350115914512294,71.04558161
12.348038751238395,71.09288946
12.358684273923995,71.1412957
12.344143991791096,71.18930798
12.35842463721574,71.23818348
12.35452987776844,71.28619978
12.370887686466977,71.33452782
12.369070159901337,71.3830918
12.361280710614498,71.43243804
12.37504201301487,71.48241233
12.372445576324365,71.53223055
12.373484123157482,71.58314215
12.377378882604784,71.63523083
12.372445576324365,71.68614662
12.380234956003541,71.73651424
12.385427898992212,71.78359669
12.386985788849502,71.82990079
12.393476984987304,71.87620292
12.383870009134826,71.9233684
12.391659458421666,71.97264425
12.391140185005058,72.0217666
12.390880478689137,72.07057333
12.399968181125013,72.11946183
12.397112038118589,72.16780203
12.40334359754804,72.21622398
12.405420760822036,72.26472246
12.39944883810084,72.31282947
12.399968181125013,72.36109667
12.399708474809094,72.40944039
12.40983472407818,72.45708148
12.420220610055429,72.50464482
12.420739953079702,72.55291481
12.414248756941992,72.60173199
12.420220610055429,72.65046883
12.425673189752452,72.69827028
12.42671180619323,72.74677843
12.431385475765298,72.79551741
12.43112583905704,72.84457351
12.433203002330938,72.89370879
12.428269696050618,72.94213875
12.433203002330938,72.99049095
12.43735732887883,73.03845422
12.44696430473131,73.08618281
12.439953835176997,73.13336291
12.443069545284107,73.18101442
12.44696430473131,73.23015469
12.45890808056604,73.27976383
12.460206264107413,73.32976602
12.460985243839936,73.38054834
12.467995713394252,73.43156944
12.452936157844842,73.48266718
12.456311574267872,73.53290782
12.4617641539648,73.58056508
12.472669382966414,73.62751944
12.468774623519113,73.67298618
12.470332513376498,73.71931409
12.463322043822185,73.7655668
12.481237672770352,73.81041029
12.479679852520725,73.85494049
12.481757015794624,73.90025341
12.49006573849807,73.94502286
12.48798850561641,73.99182282
12.475006182948562,74.03909692
12.482016652502878,74.08738668
12.49006573849807,74.13575823
12.484353452485127,74.18569225
12.489546395473797,74.23531572
12.492402538480222,74.28501841
12.48565170563416,74.33386114
12.505384861148068,74.38286156
12.497855118177146,74.43154876
12.509798894011876,74.48109742
12.511876057285773,74.53088229
12.510318167428485,74.58097926
12.513953220559767,74.63139356
12.509279620595368,74.68211736
12.52356019641225,74.73401934
12.506163840880593,74.78639048
12.519146163548438,74.83665092
12.509798894011876,74.886988
12.52459881285303,74.93552563
12.526675976127022,74.98281321
12.52537772297789,75.02978485
12.519665506572613,75.07605588
12.53784077222913,75.12123113
12.544331968366937,75.16585748
12.537581135520877,75.21134536
12.540177572211379,75.25761893
12.541995168384686,75.30381202
12.552900327778538,75.35110487
12.558872180892072,75.39698523
12.538360045645739,75.44341841
12.540956551943907,75.48961409
12.544331968366937,75.53471648
12.557833634058955,75.57880143
12.545889858224227,75.62460905
12.559131817600324,75.67143539
12.565882650446387,75.71951343
12.569517703577668,75.76806327
12.56562301373813,75.81747753
12.572373846584188,75.86555768
12.567180903595519,75.91450227
12.56666163017891,75.96423019
12.5682195200363,76.01239362
12.581461479412397,76.06157334
12.576787879447998,76.10973819
12.583538712294056,76.15868378
12.579903589555013,76.20583179
12.57756678957286,76.25227371
12.576268536423727,76.29824772
12.581201842704145,76.34437943
12.596780671670158,76.38988352
12.593924528663639,76.43601651
12.5985981982358,76.48214752
12.58509653254368,76.52953575
12.601194704533969,76.57629637
12.598857834944054,76.62344772
12.599117471652306,76.6725606
12.59781928811094,76.72096735
12.607426194355753,76.76929889
12.60249288807534,76.81543455
12.586394785692814,76.8592224
12.603271867807864,76.90316791
12.615994553767456,76.9467239
12.624562913179059,76.98941645
12.617552443624747,77.03359934
12.623264660030024,77.07856308
12.622226113196907,77.12376569
12.628197966310442,77.16810748
12.629755856167732,77.21338725
12.619889243606995,77.2589033
12.625082186595664,77.30356112
12.632092725757646,77.34868564
12.624303276470803,77.3939705
12.627159419477323,77.43823474
12.635987415597281,77.48187633
12.639882105436818,77.52520165
12.629755856167732,77.56805879
12.64325752185985,77.61138785
12.65104690153902,77.65612638
12.647931191431914,77.70156996
12.649229374973382,77.74787838
12.65104690153902,77.79473479
12.645075048425491,77.84135617
12.64429613830063,77.8879782
12.659874967266644,77.93499374
12.662731040665403,77.98279303
12.661173150808013,78.0295742
12.655720571111086,78.0766677
12.656759187551868,78.12266708
12.670780126660494,78.16843138
12.666625730504943,78.21349175
12.679608122780452,78.25839557
12.680906375929583,78.30337859
12.675194089916639,78.34851675
12.683502812620087,78.39397247
12.679088849363945,78.43864301
12.681166012637838,78.48253094
12.693369425180824,78.52806447
12.6925904454483,78.57367721
12.691032625198673,78.6207025
12.681166012637838,78.66741411
12.691032625198673,78.71381466
12.699081641586101,78.75935137
12.689994008757791,78.80536025
12.691551898615181,78.85019353
12.701418441568253,78.8951846
12.715179743968624,78.940881
12.715179743968624,78.98853765
12.711544690837341,79.03682113
12.705832474432064,79.08596988
12.706611384556924,79.13598132
12.712323670569864,79.18669829
12.712064033861608,79.23804221
12.720632393273311,79.28883935
12.716737633826012,79.33861805
12.719853413540688,79.38816169
12.726344609678495,79.43574618
12.72660424638675,79.48215752
12.735691879215057,79.52739039
12.739586638662262,79.57176443
12.73621122223923,79.6144909
12.735691879215057,79.65839445
12.740625185495375,79.70300347
12.744519875335014,79.7483206
12.750751434764464,79.79316667
12.750232161347858,79.83699398
12.753088234746617,79.88129357
12.757242630902171,79.9254339
12.740365548787123,79.97028237
12.746856744924925,80.01434789
12.752049687913498,80.05833538
12.763733757432309,80.10294979
12.757761904318777,80.14717433
12.762175937182588,80.19249493
12.762695210599194,80.23742565
12.763214484015702,80.28267149
12.7606180473252,80.32862296
12.768926700420982,80.37504422
12.778793312981719,80.41997743
12.775158259850434,80.46381305
12.780610839547359,80.50670832
12.762435573890842,80.54866318
12.769186406736898,80.58999214
12.775158259850434,80.62990884
12.788919562250806,80.6692782
12.782168729404745,80.70974368
12.789179198959058,80.75154385
12.792035341965482,80.79342319
12.80268086465108,80.83506976
12.788659925542454,80.87883226
12.792294978673738,80.92298854
12.793852868531122,80.96761464
12.804758027925073,81.01263455
12.809172060788885,81.05867482
12.80943169749714,81.10636203
12.805537007657602,81.15451919
12.800344064668929,81.20220778
12.811508860771035,81.25131011
12.829684126427555,81.29986262
12.816701803759706,81.34873045
12.821894746748379,81.39783495
12.818519330325348,81.44717353
12.822933363189257,81.49502366
12.812547477211915,81.54373706
12.82215438345673,81.59182456
12.83150172260086,81.6385782
12.828645579594436,81.68376458
12.828905216302692,81.72910627
12.815403550610672,81.77280458
12.832540269433977,81.81579551
12.85149451482302,81.85800037
12.85149451482302,81.89910973
12.845003318685315,81.93967157
12.85149451482302,81.98156598
12.852792767972154,82.02385163
12.857466437544216,82.06700316
12.863697927366005,82.11054861
12.860582147651327,82.15581749
12.85149451482302,82.20195237
12.848378735108342,82.24761587
12.854350657829542,82.29359469
12.859803237526467,82.33839666
12.858764621085587,82.38382864
12.86084178435958,82.42878919
12.867592617205641,82.47429847
12.875122429784128,82.51926025
12.870708396920316,82.56500682
12.875122429784128,82.61051798
12.877459229766378,82.65524819
12.871487376652844,82.70044586
12.873045196902567,82.74494124
12.884210062612434,82.78951329
12.890701258750143,82.83557834
12.879017119623766,82.88085717
12.892259148607533,82.927553
12.894595948589776,82.97306916
12.89693274857193,83.01780166
12.89303805873239,83.0608875
12.90653972442441,83.10381652
12.90705899784102,83.14713956
12.902904671293124,83.1910901
12.9042028548345,83.23668859
12.903164308001381,83.2823664
12.910694050972303,83.32922269
12.911213393996574,83.37663053
12.924974626789183,83.42489951
12.91848350025914,83.4736414
12.907837977573545,83.52167831
12.909655504139186,83.5684593
12.915367720544367,83.61319987
12.92419571666432,83.65747144
12.92237819009868,83.70056563
12.912511577537943,83.74373909
12.931725459635244,83.78620474
12.936399129207308,83.8292219
12.929129022944737,83.87278797
12.942111345612584,83.91651467
12.936399129207308,83.96204447
12.944188578494147,84.00679038
12.944707851910753,84.05153689
12.939774545630337,84.09761957
12.942630688636857,84.14354545
12.943669235469974,84.189081
12.943928872178226,84.23492944
12.945227125327264,84.28085723
12.949900794899422,84.32631334
12.953535848030707,84.37075192
12.953795484738961,84.41448259
12.958988427727634,84.45813512
12.961844570734156,84.50210312
12.964181370716307,84.54520835
12.971451476978878,84.58917751
12.972490093419752,84.63252006
12.97872158324154,84.67617547
12.967037513722827,84.72006765
12.967816423847589,84.76254586
12.956651627745483,84.80628435
12.968335697264198,84.84970586
12.965219987157088,84.89265816
12.977163762991818,84.93647448
12.986251395820027,84.98029139
12.990146085659664,85.02466004
12.990146085659664,85.0713836
12.993261865374437,85.11881648
12.981058452831453,85.16569886
12.995598665356589,85.21085218
12.995339028648333,85.25436039
12.993002228666088,85.29621815
12.993002228666088,85.33831268
12.99741619192223,85.38025025
12.995079391940079,85.42305196
13.001570588077787,85.46719033
13.0085810576321,85.50983566
13.008061714607829,85.55177542
13.009100331048709,85.59300957
13.011177494322604,85.63581404
13.01247574747164,85.6794066
13.019486217025952,85.72331213
13.015331890478159,85.76776691
13.008321420923846,85.81293111
13.013774000620772,85.85621098
13.025977413163757,85.89870383
13.02701595999687,85.94229987
13.02519843343123,85.98597262
13.020005490442557,86.03058846
13.030651013128155,86.07599255
13.039479009248112,86.11935464
13.039998352272383,86.16342093
13.037661482682473,86.20851178
13.039998352272383,86.25321203
13.046229842094169,86.29728274
13.045191295261054,86.34135141
13.043114131987158,86.3849533
13.053500017964497,86.42706173
13.042335152254632,86.47019212
13.051422785082842,86.51355676
13.045191295261054,86.55621826
13.039219372539856,86.60044795
13.052461401523622,86.64397448
13.05869296095317,86.68639871
13.062847287500965,86.7298476
13.053759654672755,86.77298195
13.070117393763534,86.81635058
13.07582961016881,86.85838574
13.070117393763534,86.90026649
13.067261320364775,86.94387314
13.077127863317846,86.98763795
13.068040230489638,87.03006922
13.066741977340504,87.07139802
13.082061169598264,87.11304511
13.080762916449228,87.15492648
13.071675283620921,87.19688716
13.07323317347831,87.23861201
13.092187418867352,87.27963088
13.078166479758726,87.32253867
13.098678615005062,87.36615091
13.089331275860832,87.40968493
13.085436586021292,87.45267058
13.099717161838173,87.49542303
13.096861088439416,87.53707286
13.097380361856024,87.57731008
13.094783855557855,87.61754779
13.097899635272535,87.65699798
13.094004945432994,87.69519307
13.104910104826843,87.73307602
13.098678615005062,87.77087797
13.102832941552947,87.80978099
13.105948721267627,87.85010034
13.100755778279055,87.89238511
13.131394162794473,87.93419756
13.106208357975978,87.97483105
13.1137381009468,88.01444577
13.120229297084608,88.05563192
13.108285521249877,88.09807431
13.116074970536715,88.14130538
13.11633460724497,88.18461583
13.132692346335844,88.22886737
13.125422240073279,88.27210015
13.124123986924143,88.31423269
13.136846742491398,88.35573786
13.145415101903101,88.3971621
13.137625652616261,88.43866832
13.13580812605062,88.47938684
13.12905729320456,88.51947793
13.149309791742642,88.5595695
13.147751901885252,88.5990336
13.141260705747547,88.63928379
13.14593437531961,88.6810269
13.14593437531961,88.72284936
13.155800987880443,88.7644385
13.150348338575755,88.8055552
13.15138695501654,88.84635709
13.155022008147917,88.88747481
13.159955314428236,88.9287507
13.160734224553096,88.96963295
13.172418363679478,89.01106754
13.175793780102508,89.05289419
13.165148257416908,89.09362031
13.161513204285622,89.13340352
13.17709203325164,89.1728745
13.170860473822188,89.21297402
13.177351669959895,89.25346823
13.18124635979953,89.2939603
13.184362139514207,89.33508361
13.173976253536866,89.37550047
13.18124635979953,89.4151294
13.185920029371593,89.45688497
13.193190135634163,89.49919036
13.200979584921,89.54125975
13.190334062235404,89.5834059
13.192411225509398,89.6258706
13.196305915348937,89.66809931
13.191112972360266,89.71024971
13.190074355919487,89.7523218
13.194228752075041,89.79054118
13.19656555205719,89.82813018
13.203576021611507,89.86477862
13.210326854457564,89.90252618
13.201498858337608,89.94090502
13.215519797446238,89.97936316
13.211105764582427,90.01766404
13.217337324011876,90.05667246
13.214481181005455,90.096073
13.214221544297102,90.13547665
13.20331638490325,90.17645274
13.222530267000547,90.21782365
13.218375940452656,90.2587219
13.223309246733074,90.29930783
13.213702270880592,90.33839845
13.230579352995644,90.3762303
13.229281099846608,90.4154007
13.234993316251789,90.45504214
13.23213724285303,90.49531502
13.221232013851415,90.53519666
13.234214406126927,90.57326739
13.236551206109176,90.61023698
13.242523128830372,90.64720699
13.237070479525686,90.68457178
13.247196728794771,90.72154262
13.242003785806103,90.759066
13.250831781926056,90.79863271
13.238368732674818,90.8388309
13.249533598384687,90.87981574
13.249533598384687,90.92064597
13.247716071819044,90.96163183
13.260698394486889,91.00246043
13.259140504629505,91.04195381
13.259140504629505,91.07979375
13.250831781926056,91.11787077
13.261737010927673,91.15634266
13.267708864041204,91.19497014
13.270565007047626,91.23415028
13.267189590624596,91.27521893
13.272122896905016,91.3162092
13.27186326019676,91.35806777
13.274719333595517,91.40118386
13.267189590624596,91.4435116
13.27186326019676,91.48489843
13.271343917172489,91.52455538
13.27238253361327,91.56326608
13.291336779002313,91.60095684
13.28951925243667,91.63848762
13.294971832133598,91.67397539
13.294192852401073,91.71024989
13.29523146884185,91.7486498
13.291596415710567,91.78744203
13.286143836013641,91.82615581
13.29341394227621,91.86534347
13.296010378966713,91.90209349
13.297048995407494,91.9383705
13.304319101670064,91.97291728
13.293154305567953,92.00872165
13.29341394227621,92.04562845
13.304059464961806,92.08332474
13.306655971259975,92.1216501
13.303540191545297,92.16091755
13.305617354819196,92.20121129
13.315743604088283,92.24244983
13.305098081402587,92.28400453
13.31055066109961,92.32555712
13.32872592675603,92.36608962
13.330803159637691,92.40622805
13.32457160020824,92.44715349
13.323273347059104,92.48855295
13.332360979887317,92.53128926
13.323792620475711,92.57261085
13.32872592675603,92.61416709
13.342746865864656,92.65438746
13.337034649459477,92.69256162
13.336255739334618,92.73034425
13.345862645579436,92.76836144
13.34326620888893,92.80590816
13.348199515169346,92.84439716
13.334697849477228,92.8828103
13.34508373545457,92.92177375
13.344824098746317,92.96121124
13.35131522527636,93.0004124
13.34508373545457,93.03843272
13.346381988603703,93.07692706
13.359883584688061,93.11526399
13.34326620888893,93.1526568
13.3591046745632,93.19012635
13.360143221396315,93.2287014
13.37286597696357,93.2673532
13.358066058122416,93.30655802
13.360143221396315,93.34537125
13.370269470665402,93.38512693
13.366634417534119,93.42409633
13.371827360522792,93.46322407
13.374423866820957,93.5025891
13.3676730339749,93.54124676
13.377279940219717,93.57990223
13.380914993351,93.61800819
13.381693973083525,93.65603828
13.378578193368751,93.69398723
13.386886916072198,93.73146556
13.39000269578697,93.76965222
13.387406189488804,93.80949198
13.386367642655689,93.85011908
13.391560585644262,93.89177304
13.387925462905313,93.93271696
13.39727280204954,93.97216656
13.393118405893985,94.0108271
13.394416659043117,94.05027764
13.39207985906087,94.08996552
13.391300879328343,94.12894327
13.40973585130078,94.16650289
13.38429040977403,94.20257063
13.399090328615179,94.23926517
13.411813014574678,94.27674972
13.407139414610276,94.31407678
13.403763998187245,94.3528203
13.412072651283026,94.3911721
13.41492879428945,94.4306272
13.414409520872942,94.47000381
13.415448067706059,94.50788318
13.427132206832438,94.54568403
13.427911186564963,94.582464
13.430507623255465,94.61963659
13.433623402970243,94.65759665
13.43128660298799,94.69539922
13.434402313095005,94.73218086
13.429209370106332,94.76975
13.436739182684919,94.80786975
13.421939263843765,94.84756413
13.433623402970243,94.88859893
13.441672419357673,94.93018706
13.435700566244138,94.97342896
13.445047835780603,95.01643449
13.446086452221481,95.05967753
13.44842325220363,95.10276317
13.450500485085291,95.14584937
13.45179866862666,95.18838327
13.447384705370515,95.22981723
13.456731974907077,95.26872951
13.469195024158315,95.30567554
13.466598587467814,95.34254036
13.464002081169646,95.3809037
13.465040697610426,95.4202127
13.471791530456484,95.4593642
13.46296353433653,95.50024865
13.470493277307447,95.54152856
13.462703897628275,95.58383324
13.484254579707725,95.62653079
13.475426583587769,95.6702558
13.473609057022127,95.71303347
13.474128330438734,95.75589069
13.476205493712628,95.79748979
13.481658143017317,95.83877343
13.485293196148602,95.87690557
13.48581246956511,95.91464315
13.491524685970388,95.95222581
13.489447522696395,95.99059626
13.503208825096767,96.02873016
13.49490010239342,96.06757289
13.488408906255616,96.10909693
13.491784322678644,96.15140891
13.500872025114615,96.19435085
13.49490010239342,96.23831781
13.494640465685068,96.28047343
13.487889632839106,96.32239258
13.51697012749714,96.36431226
13.509180678210303,96.40568203
13.520345543920168,96.44657825
13.524499870467963,96.4857446
13.511517547800214,96.5228597
13.520605180628424,96.56013325
13.516450854080533,96.5973282
13.527096376766227,96.63649371
13.52553848690884,96.67660527
13.523980597051454,96.71695437
13.535405099469576,96.75958762
13.531510340022278,96.80356213
13.533068229879662,96.84746084
13.527615650182739,96.89127849
13.536703283010947,96.93493867
13.543454115857008,96.97615757
13.542934842440497,97.01540663
13.535924372886184,97.0544981
13.54475236900614,97.09461475
13.539819062725723,97.13552218
13.548127785429168,97.17650651
13.557475054965634,97.21780748
13.55306109170949,97.25958051
13.550724222119573,97.30293209
13.549166332262287,97.34888444
13.557475054965634,97.3944449
13.552022475268705,97.43913659
13.552282111976961,97.48130762
13.555138254983481,97.52206179
13.564225887811693,97.56194704
13.577208280087204,97.60096597
13.576429300354675,97.64045961
13.56396625110344,97.6807415
13.584478386349769,97.72244138
13.575390753521562,97.76390729
13.57409250037243,97.80616153
13.57201533709853,97.84731232
13.579545080069451,97.88814744
13.575910026938068,97.92764453
13.581881880051602,97.9668259
13.584997659766378,98.00482463
13.587853802772802,98.04140618
13.593566019178077,98.07798812
13.600057215315786,98.114805
13.58837307618941,98.15130872
13.598758962166654,98.18789189
13.602394015298033,98.22486811
13.600057215315786,98.26066155
13.599018598875004,98.29779669
13.604990521596202,98.33351451
13.609404484852348,98.36946724
13.604990521596202,98.40408165
13.603951905155325,98.43924719
13.611741354442259,98.47433406
13.603951905155325,98.50910769
13.60784659499496,98.54411624
13.62706047709226,98.5777073
13.623944766985147,98.61114057
13.62290615054437,98.64583658
13.618492117680557,98.68171367
13.620050007537946,98.7168822
13.630955236539462,98.75370887
13.6288780036579,98.79321373
13.635109563087354,98.83398417
13.626800840384004,98.87420163
13.64289901237419,98.91473586
13.62290615054437,98.9533755
13.631734146664323,98.99249004
13.641600759225156,99.03081693
13.656660314774564,99.0690652
13.651467371785891,99.10644671
13.658737478048462,99.14501217
13.650948028761622,99.18460081
13.654583081892905,99.22435073
13.648870865487725,99.26338941
13.660295367905846,99.30108946
13.650428755345114,99.33705279
13.64289901237419,99.37230741
13.653804171768142,99.4068533
13.656919951482822,99.44265962
13.658737478048462,99.47988721
13.653544535059789,99.5169597
13.668344384293277,99.55521363
13.664190057745387,99.59488631
13.673796963990206,99.63661312
13.662632167888097,99.67889146
13.676912743704976,99.71943299
13.663151441304606,99.75974039
13.671979437424561,99.80036464
13.686779356265713,99.84169861
13.676912743704976,99.88295399
13.679249613294894,99.9242099
13.676393470288371,99.96483356
13.689635499272233,100.0037255
13.682884666426174,100.0404058
13.689635499272233,100.0787449
13.698203789076175,100.1183474
13.685481103116679,100.1584224
13.70313709535659,100.1994445
13.689895135980487,100.2378646
13.697944152367919,100.276678
13.705733601654758,100.318097
13.698463495392188,100.3604633
13.702617821939985,100.4033811
13.705473964946503,100.44496
13.70884938136953,100.4856692
13.700021385249578,100.523858
13.694309099236637,100.5589671
13.701579205499202,100.5917877
13.707810764928656,100.6240574
13.714042324358203,100.6557763
13.724428210335546,100.6872582
13.71378261804219,100.7191359
13.721831704037282,100.7519581
13.726505373609447,100.7867558
13.72287032047816,100.8239195
13.727803626758476,100.8610837
13.724947483752057,100.8973806
13.721831704037282,100.9329684
13.729361447008202,100.967056
13.722091340745633,101.0002763
13.734814096312794,101.0356279
13.736631622878434,101.0708216
13.736371916562517,101.1071999
13.739228059568939,101.1454724
13.745719255706742,101.1821681
13.727803626758476,101.2198875
13.747796418980638,101.2569797
13.746757802539861,101.2936739
13.747796418980638,101.3306878
13.737670169711551,101.3673829
13.754806888534954,101.4058166
13.745459618998485,101.4440926
13.748315692397245,101.4818968
13.752210451844448,101.5198571
13.748575398713164,101.5557656
13.75532616195156,101.5914397
13.778175166787806,101.6271143
13.765712047928803,101.6630239
13.768308554227069,101.7005933
13.760778811256152,101.738477
13.772203244066608,101.7762846
13.765452411220553,101.8144066
13.763375247946652,101.8531595
13.776617276930418,101.8915989
13.782069856627345,101.9285404
13.775838297197895,101.9656379
13.76882782764358,102.0034455
13.772722517483118,102.0401507
13.77791546047179,102.0759093
13.775578660489638,102.1119822
13.78258913004395,102.1471083
13.786224183175236,102.1816042
13.783368109776479,102.2179949
13.785704909758632,102.2550957
13.793753995753818,102.2943287
13.78596454646698,102.3336414
13.798167959009966,102.3756378
13.801543375432995,102.4179515
13.796869705860832,102.4618461
13.802062648849503,102.5071583
13.795311816003448,102.5536585
13.801803012141251,102.5985788
13.78985923630652,102.6414494
13.803101265290286,102.6825817
13.80621704500506,102.7225297
13.827767727084607,102.7614516
13.795571522319461,102.7986404
13.817641477815519,102.8351144
13.821795873971075,102.8704858
13.81192926141024,102.9043586
13.826209837227221,102.9390209
13.822315147387581,102.9751824
13.8378939763536,103.0128433
13.824911653685849,103.0515339
13.826729180251492,103.0924337
13.830883506799283,103.1327826
13.827248453668002,103.1715537
13.828546706817134,103.2098503
13.82283442080419,103.2485431
13.841529029484882,103.2852597
13.834518559930569,103.3202427
13.842827282634014,103.3547483
13.839451866210984,103.3891778
13.839971139627593,103.4240827
13.83971150291924,103.4584337
13.852174552170478,103.4931783
13.843346556050523,103.5291903
13.838932592794476,103.5655167
13.855290331885255,103.6022368
13.861262254606453,103.6393559
13.857886838183422,103.6785263
13.849058772455802,103.7203024
13.858925385016539,103.7625542
13.876841083572465,103.8049649
13.862820074856174,103.8483238
13.867753381136492,103.8923142
13.870090250726408,103.935991
13.872946324125165,103.979745
13.883072573394253,104.0232646
13.87710072028072,104.0653619
13.863858691296953,104.1069872
13.882293663269392,104.1471901
13.881514683536867,104.1868391
13.875283193715076,104.2246749
13.8913812960976,104.2633006
13.893977732788105,104.3012931
13.891640932805954,104.3394444
13.893977732788105,104.3777546
13.884370826543288,104.4145656
13.892419842930716,104.4502682
13.899690018801046,104.4847884
13.901247908658434,104.5182819
13.900728565634163,104.5504319
13.900209292217655,104.5838468
13.897612785919389,104.6192371
13.911114451611505,104.6548653
13.914489868034533,104.6909666
13.916826737624447,104.7282537
13.916826737624447,104.7672022
13.900209292217655,104.8087545
13.919423174314954,104.8499166
13.910854814903253,104.8901287
13.916826737624447,104.9289971
13.926433643869268,104.9681037
13.931366950149586,105.0083964
13.935261639989221,105.0475832
13.924096843887018,105.0860601
13.92928978687569,105.1230375
13.92435648059527,105.1576414
13.92928978687569,105.1920898
13.935261639989221,105.2269347
13.934742366572614,105.2628045
13.940454582977893,105.2999424
13.938117782995645,105.3372365
13.944608979133351,105.3772169
13.92669328057752,105.4169626
13.953956248669915,105.4579713
13.949801922122022,105.4981908
13.950580832246883,105.5369899
13.95032119553863,105.5742867
13.944868615841703,105.6100811
13.951619448687666,105.6446927
13.954994865110693,105.679384
13.961485991640833,105.7119415
13.955773775235556,105.7459995
13.957331665092942,105.7809269
13.960707081515974,105.816647
13.967457914362031,105.8523675
13.959668465075193,105.8880858
13.969794714344182,105.9230965
13.98667179645933,105.9583427
13.97654554719024,105.9948546
13.978622710464139,106.0318396
13.973949110499738,106.069142
13.97239122064235,106.1082622
13.973170130767212,106.1480961
13.984594633185335,106.1887203
13.979401690196662,106.2291046
13.9832963800363,106.2678331
13.990047212882262,106.3047447
13.973949110499738,106.339361
13.98822968631662,106.3737425
13.991864739448001,106.4073346
13.98667179645933,106.4403749
13.987191069875838,106.4738884
13.984594633185335,106.5066889
13.986931433167584,106.5402823
13.987710343292445,106.5737176
13.989527939465752,106.6077053
13.990826123007121,106.6425652
13.998096229269692,106.6770292
13.999394482418824,106.712125
14.008741821563047,106.7483282
14.008741821563047,106.7857181
14.005626041848274,106.8228732
14.013675058235705,106.8612124
14.015752291117364,106.8998665
14.013415421527451,106.9381274
14.022503123963421,106.9771813
14.022503123963421,107.015916
14.024060944213048,107.0559988
14.029773230225992,107.0965523
14.013155784819197,107.1363982
14.020945234106035,107.1753726
14.020685527790018,107.2121358
14.030292503642498,107.2495309
14.021724144230893,107.2877166
14.047429222465901,107.3260612
14.046130969316867,107.3645649
14.039899479495078,107.4026726
14.033408283357275,107.4405456
14.038601226345946,107.4776263
14.044313442751125,107.5147073
14.038341589637692,107.5526609
14.043274895918008,107.5905329
14.045871332608515,107.6293568
14.044832716167734,107.6672298
14.049246749031544,107.7049473
14.051843185722044,107.7448772
14.058853655276362,107.7848869
14.068200994420588,107.8268766
14.067941357712334,107.870524
14.066902741271456,107.914571
14.077807900665404,107.958616
14.071836047551871,108.0021884
14.077028990540542,108.0437025
14.073134300701003,108.0841123
14.078846517106184,108.1247605
14.071316774135363,108.1648542
14.075211463974899,108.2037642
14.087414876517885,108.2420403
14.092348182798302,108.2831636
14.090011313208388,108.3242081
14.09053065623256,108.3666779
14.10143581562651,108.4100971
14.102474432067295,108.4526473
14.084299096803111,108.494643
14.09624287263784,108.5364805
14.098320035911739,108.5766611
14.091828909381693,108.6169189
14.098320035911739,108.6575711
14.102474432067295,108.698385
14.105070868757796,108.7388822
14.103772615608664,108.7787455
14.120130424307206,108.8175834
14.112340975020365,108.854759
14.115716391443394,108.8926461
14.110783085162977,108.9288761
14.121947950872846,108.9651831
14.122726860997709,109.0006206
14.12402511414684,109.0362172
14.123505840730235,109.0724461
14.122986497705964,109.1090693
14.131814563433679,109.146962
14.13363208999932,109.1858811
14.119351444574681,109.2255144
14.137267143130604,109.261904
14.130256673576293,109.295605
14.133112746975051,109.3286718
14.12584264071248,109.3635607
14.126102277420735,109.4009804
14.144796886101428,109.4398231
14.13700750642235,109.4793802
14.148691575941063,109.5193345
14.142200449411023,109.5588899
14.137786416547112,109.5947305
14.143238996244138,109.6299369
14.13986357982111,109.6636417
14.144017975976663,109.6979789
14.15414415563799,109.7331864
14.150509102506707,109.768553
14.149989829090101,109.8039993
14.164530041615333,109.8391312
14.15414415563799,109.8743403
14.162972221365608,109.9089176
14.164010768198725,109.9426227
14.173617744051304,109.9768067
14.166347637788636,110.0101184
14.157519572061018,110.0407407
14.157259935352764,110.0689092
14.159337098626661,110.095893
14.173617744051304,110.1232711
14.172319490902172,110.1531037
14.170501964336532,110.1857825
14.166087931472722,110.2217887
14.16530902134786,110.2599297
14.173098401027033,110.299338
14.180108870581348,110.33716509999999
14.181666760438734,110.3736464
14.178291344015705,110.4087819
14.178031707307353,110.443759
14.183484287004378,110.4786598
14.185301813570021,110.5141931
14.188677229993049,110.5497268
14.194908789422499,110.5860518
14.181147487022129,110.6222185
14.197764932428923,110.6570418
14.182705376879513,110.6925771
14.188417593284695,110.7292184
14.194649152714247,110.767368
14.208410455114521,110.8063062
14.198543842553784,110.8474618
14.202178895685067,110.889094
14.19880347926204,110.9302505
14.212824418370666,110.9707753
14.213343761394938,111.0091631
14.21931561450847,111.0470779
14.21256478166241,111.0851491
14.217498087942829,111.1223504
14.218017361359337,111.1574172
14.208670091822869,111.1907408
14.213603398103189,111.2238268
14.217498087942829,111.2585771
14.225806810646176,111.2919812
14.231519027051455,111.3235654
14.227364700503564,111.3542795
14.226326084062785,111.3843588
14.22788397392017,111.4153909
14.230740116926594,111.4477674
14.224248920788787,111.4827556
14.235154080182738,111.5178236
14.22762433721182,111.5533682
14.241645276320446,111.5879633
14.236452333331773,111.6219264
14.22502783091365,111.6569165
14.239568113046548,111.6914333
14.237231243456634,111.7273767
14.237231243456634,111.7668027
14.254367962280037,111.8097114
14.244241713010949,111.8527001
14.250213635732148,111.8945039
14.251771525589533,111.9348819
14.245280329451731,111.972884
14.253589052155176,112.0093042
14.251511888881279,112.0443805
14.259820541976962,112.0792957
14.25670483186995,112.1145315
14.252031162297788,112.1502387
14.267090717847294,112.1854753
14.266052101406416,112.2200744
14.26812926468041,112.2553911
14.265532827989905,112.290388
14.26137843183435,112.3239614
14.272283660835965,112.3569794
14.269427517829444,112.3899209
14.263974938132518,112.4243661
14.26812926468041,112.4613444
14.266052101406416,112.4967431
14.274101187401607,112.5315044
14.273062570960727,112.5636563
14.263974938132518,112.5967561
14.27254329754422,112.6303327
14.275918713967249,112.6638302
14.283188820229817,112.7004963
14.288901036634998,112.7389838
14.308634261756568,112.779846
14.304999139017617,112.8219766
14.298508012487579,112.86514
14.304739502309268,112.9087752
14.30370095547615,112.9543142
14.304479865601014,112.9996155
14.294872959356196,113.0418283
14.307595645315788,113.0829352
14.309932445297939,113.12404
14.316423641435742,113.1641949
14.309672808589681,113.2028467
14.303181612451974,113.2400721
14.311490335155327,113.2778538
14.319539421150516,113.3172985
14.312528951596201,113.3560289
14.32421309072258,113.3947624
14.329665670419507,113.4339702
14.334079633675653,113.4746055
14.33563752353304,113.5156358
14.337974393122954,113.5565103
14.32421309072258,113.5985715
14.330184943836114,113.6400004
14.337195413390429,113.6811122
14.336416503265568,113.722386
14.334339270383909,113.7598529
14.35147598920731,113.7967696
14.358486458761622,113.8338429
14.348879552516804,113.8720286
14.34758129936777,113.9094205
14.357188275220253,113.9472868
14.361342601768047,113.9843644
14.354332132213731,114.0204892
14.366275908048461,114.0566145
14.349398825933413,114.0925839
14.364718018191075,114.1290276
14.355370748654607,114.164124
14.344465519652996,114.197955
14.354332132213731,114.2317068
14.361342601768047,114.2633989
14.362381218208924,114.2950091
14.376661794025804,114.3294743
14.380296847157087,114.3656056
14.378219683883193,114.4039539
14.372767104186265,114.4415902
14.372247761161994,114.4797804
14.395356402706497,114.5165463
14.379258230716308,114.5524386
14.385489790145758,114.5847667
14.393798512849209,114.614166
14.389903753401903,114.642056
14.3761425206092,114.6696311
14.390163459717826,114.6990312
14.396135312831357,114.7297743
14.378738957299701,114.7617095
14.391461643259293,114.7945164
14.410156251939982,114.8283513
14.411973778505628,114.8647238
14.40574228868384,114.9020502
14.403924762118196,114.9395333
14.402626508969162,114.9770937
14.399510729254384,115.0146571
14.419763227792465,115.0549174
14.411194868380765,115.0946193
14.394837059682322,115.1338475
14.400549345695167,115.1720484
14.409377341815123,115.2096141
14.417685994910906,115.2484464
14.428850860620773,115.2887069
14.42080177462558,115.3319029
14.423657917632102,115.3749379
14.43196664033545,115.4182119
14.436640240299852,115.4606944
14.433524530192837,115.5047616
14.427552607471641,115.5493857
14.440275363038898,115.5941693
14.447026126277194,115.6389509
14.44105427316376,115.6829437
14.434563077025954,115.7250322
14.453257685706744,115.7648217
14.4428717997294,115.8043759
14.453257685706744,115.8431384
14.447285832593211,115.8803939
14.45247877558188,115.9140837
14.458710265403669,115.945951
14.447805106009723,115.9767085
14.45247877558188,116.0076226
14.468057604547896,116.0411547
14.454555938855778,116.0780176
14.457152375546285,116.1142451
14.45533484898064,116.14865
14.454555938855778,116.1843245
14.450401542700222,116.2201583
14.466499714690508,116.2536926
14.471952294387435,116.2888118
14.464941824833122,116.3256775
14.468057604547896,116.3611155
14.47299084122055,116.3944922
14.474289094369684,116.427236
14.46883651467266,116.4631494
14.467018988107018,116.4987478
14.465980371666237,116.534585
14.478183784209223,116.5724817
14.466759351398762,116.609984
14.469355788089267,116.6477252
14.470913677946655,116.684118
14.475587347518719,116.7177366
14.4898679233356,116.7503246
14.491945086609594,116.78339
14.491685449901246,116.816453
14.498176646039047,116.8521348
14.490906539776478,116.8905122
14.516871254719739,116.9300005
14.480780290507388,116.9702022
14.50466784217685,117.0104839
14.501811699170329,117.0498942
14.5090818054329,117.0891485
14.502590609295192,117.1280827
14.497917009330793,117.1673353
14.507783552283865,117.206432
14.505446752301612,117.2458446
14.536085136817034,117.2847806
14.523102744541527,117.3244327
14.524920271107165,117.366622
14.521285217975882,117.4102404
14.52959394067933,117.45497
14.527776414113685,117.4999362
14.539460553240067,117.5441104
14.542316626638826,117.5853535
14.533748267227221,117.6255633
14.536085136817034,117.6649014
14.550884986050523,117.7030498
14.544134153204466,117.7392979
14.538941210215796,117.776575
14.54647102279438,117.8144066
14.549067459484883,117.8532725
14.551404329074797,117.8936446
14.55581829233094,117.9353667
14.567242794749063,117.9782769
14.56516563147517,118.0223012
14.560232325194752,118.0674342
14.565684904891677,118.1107439
14.572435737737736,118.151676
14.559193708753972,118.1911795
14.57684970099388,118.2280641
14.56204985176039,118.2643949
14.563867378326036,118.3001721
14.576330427577275,118.3349977
14.582821623715079,118.3712502
14.575032174428237,118.4094069
14.57684970099388,118.4469302
14.582821623715079,118.485329
14.581523370565945,118.5239616
14.586975950262971,118.5612503
14.595544309674574,118.597744
14.595284672966322,118.6339199
14.598919726097604,118.6714458
14.586456676846362,118.7109557
14.578147954143015,118.7524495
14.586456676846362,118.7926736
14.598140815972839,118.8325032
14.603593395669762,118.8728078
14.598400452681094,118.9127948
14.608526701950087,118.9507218
14.594765399549809,118.9870607
14.601256526079851,119.0233204
14.59710219953196,119.0579151
14.598400452681094,119.0905265
14.611123138640586,119.1216318
14.600996889371597,119.1532918
14.607488085509303,119.1853472
14.61294066520623,119.2159761
14.61735469807014,119.2450193
14.606189832360268,119.2722354
14.595803946382926,119.2969932
14.610603865224078,119.3204013
14.606449469068524,119.3429396
14.620989751201423,119.3676184
14.609045975366692,119.3963447
14.631116000470412,119.4281637
14.623326551183574,119.463081
14.612681028497976,119.4956964
14.614498555063616,119.5281531
14.628000220755732,119.5612439
14.626182694190092,119.5951308
14.626442330898348,119.6290181
14.617095061361784,119.6633009
14.627480877731463,119.6978228
14.633972073869172,119.7324247
14.64357904972165,119.76782
14.640463270006974,119.8045659
14.640203633298722,119.8428984
14.642540433280871,119.8799635
14.637607127000454,119.9187717
14.641501886447756,119.9574239
14.639943996590366,119.9952039
14.646694829436425,120.0320319
14.637866763708807,120.0694147
14.641242180131837,120.1036226
14.65759998883028,120.1372764
14.639684359882112,120.1712489
14.653445592674819,120.2064898
14.658378898955139,120.2417311
14.665389368509453,120.2779278
14.680708560767211,120.3151544
14.66564907482547,120.3530949
14.672919181088037,120.3933415
14.6604561318368,120.4342199
14.68148754049974,120.4765289
14.673957727921154,120.5209026
14.680448924058956,120.5645632
14.678631397493316,120.6058418
14.679150670909824,120.6431543
14.692911973310197,120.6784799
14.675255981070288,120.7139651
14.687459393613274,120.7502441
14.693950589750978,120.787001
14.684862956922766,120.8232011
14.693171610018451,120.8598793
14.709269782008736,120.8989407
14.699662806156255,120.9393505
14.711346945282633,120.9808726
14.70641363900222,121.0231091
14.708750438984463,121.0657442
14.703817202311715,121.1070291
14.697845279590517,121.1502995
14.704336475728324,121.1949212
14.709789055425249,121.2372401
14.707711892151352,121.2762264
14.710827671866028,121.3145762
14.720694214819197,121.3526877
14.72588715780777,121.391118
14.715241635122172,121.4315339
14.72121355784337,121.4718734
14.723550357825617,121.5125265
14.745880019637692,121.553342
14.732378353945577,121.5951905
14.731599443820715,121.6356089
14.729002937522548,121.6772992
14.72251174138484,121.7171613
14.73263799065383,121.7571061
14.73705202351764,121.7948273
14.735753770368603,121.8314367
14.746918566470807,121.8686013
14.73964846020814,121.9056071
14.755486925882412,121.9445217
14.749255436060622,121.9842305
14.748995799352368,122.0244149
14.750034346185487,122.0613454
14.752371215775398,122.0962113
14.769767571307051,122.1305997
14.755227289174156,122.1673722
14.757304452448054,122.2038265
14.763016738460996,122.2413936
14.75886234230544,122.2766568
14.770027208015309,122.3121594
14.768469318157921,122.3497277
14.767171065008887,122.3869778
14.772623644705815,122.4261372
14.787942836963573,122.466088
14.774960514295724,122.5060421
14.780413093992653,122.5452798
14.77184473458095,122.5867428
14.784567420540542,122.6266983
14.78768320025522,122.6659375
14.798328722940818,122.7032709
14.79105861667825,122.7394923
14.794953306517888,122.7747636
14.790279636945726,122.8122576
14.784567420540542,122.8523725
14.804819919078621,122.8931251
14.807416355769126,122.9353067
14.817542605038117,122.9797935
14.805339192495229,123.023726
14.815984715180827,123.0690876
14.818840858187249,123.113178
14.810012862067293,123.1578266
14.829486380872849,123.2027944
14.815205805055964,123.2470459
14.813647915198578,123.2922512
14.827149580890694,123.3367429
14.817802241746469,123.3783753
14.832082887171016,123.4200081
14.825591691033308,123.4599712
14.84402659339808,123.4990637
14.845324846547115,123.5374397
14.835458233986378,123.5762145
14.84506520983886,123.6153854
14.84091088329097,123.6528094
14.836756487135418,123.6899178
14.83987226685019,123.7263891
14.850517789535788,123.7622262
14.84506520983886,123.7967915
14.831823180855094,123.8300851
14.846363462987995,123.8621865
14.841430156707577,123.8933373
14.846623099696249,123.9241698
14.858307238822627,123.9562721
14.858826512239235,123.9907598
14.853893205958816,124.0294603
14.849219536386753,124.0691148
14.859605422364096,124.1102014
14.865058071668685,124.1492194
14.866615891918407,124.187603
14.867394871650934,124.2259101
14.867394871650934,124.2643743
14.860644038804875,124.3045071
14.867654508359188,124.3455169
14.849738879410925,124.3871595
14.853373932542308,124.427772
14.880896537342956,124.4654443
14.887128027164742,124.4997807
14.878300031044786,124.5330017
14.877001777895652,124.5674955
14.873626361472722,124.6025475
14.880896537342956,124.6365639
14.891282423320297,124.6709791
14.877521120919923,124.7046004
14.895956023284695,124.7372682
14.880896537342956,124.7674738
14.88011755761043,124.7956898
14.874924614621756,124.8221579
14.886868390456486,124.8487884
14.892840313177686,124.8762904
14.912833105399844,124.9055408
14.896215729600714,124.9354291
14.894657839743326,124.9704824
14.894917476451582,125.0074464
14.897513913142085,125.042264
14.901927946005895,125.0760485
14.909198052268462,125.1081622
14.905562999137176,125.1421865
14.904784019404653,125.1780391
14.904524382696398,125.2129356
14.91075594212585,125.2472799
14.905562999137176,125.2805085
14.919583938245802,125.312943
14.921141828103192,125.3464912
14.920882191394938,125.3784507
14.922180374936309,125.4100918
14.91880502812104,125.442687
14.9302294609314,125.477031
14.938278546926597,125.5105011
14.934383857086956,125.5448485
14.939836436783983,125.5807826
14.93334524064618,125.6184683
14.932825967229668,125.6540073
14.936461020360953,125.6866847
14.936980293777463,125.7158653
14.93126807737228,125.7408289
14.928931207782371,125.7637278
14.931527714080536,125.786627
14.9362013836526,125.8095262
14.933864514062783,125.8334594
14.932566260913655,125.8574725
14.9362013836526,125.882756
14.933085603937926,125.9073249
14.929710187514893,125.9322926
14.937499567194068,125.9571808
14.941394326641273,125.9820691
14.938278546926597,126.0083874
14.939836436783983,126.0370128
14.926334771091863,126.0673872
14.923218991377091,126.0984795
14.949962686052972,126.1307627
14.943471489915266,126.1645585
14.943471489915266,126.2008184
14.954376649309118,126.240579
14.958530975857007,126.2833621
14.950481959469581,126.3267012
14.960088865714397,126.3704397
14.951780212618615,126.4133839
14.957232792315637,126.453623
14.954376649309118,126.4924324
14.964243261869854,126.5293313
14.96735904158463,126.5632907
14.963464282137327,126.5956582
14.960088865714397,126.6277895
14.959309955589536,126.6612715
14.974109804823023,126.6974572
14.97488878455555,126.7329309
14.988909723664177,126.7672885
14.993064050211968,126.8012477
14.989169360372433,126.8347341
14.988909723664177,126.8697281
14.987871107223299,126.9045657
14.991765866670598,126.9390846
14.990727250229819,126.9724102
14.98683256039018,127.0043858
14.988130813539314,127.0358831
15.002930662772803,127.0674604
15.00552716907097,127.0995166
15.00942185891051,127.1331629
15.012797275333538,127.1689577
15.008902585493999,127.2044339
15.019807744887856,127.2381611
15.016172691756568,127.2710139
15.009162222202253,127.3039441
15.008123605761474,127.3363217
15.01123938547615,127.3700503
15.026558577733912,127.4044943
15.019807744887856,127.4392579
15.012797275333538,127.4740217
15.027856761275283,127.5078288
15.038761990276894,127.5406843
15.03149188401433,127.5718704
15.02707785115042,127.604724
15.022923524602628,127.636945
15.035386573853867,127.6676534
15.03045326757345,127.6976468
15.024741051168268,127.7265237
15.033569047288221,127.7571531
15.020586655012712,127.7877058
15.030972540990058,127.8186522
15.032011157430837,127.8517502
15.022404181578356,127.8861994
15.03330941057997,127.9220025
15.047070712980243,127.9588404
15.027597124567027,127.9967903
15.038761990276894,128.0359373
15.049407512962492,128.0747656
15.057975872374193,128.1117622
15.048888239545887,128.1450998
15.044474206682077,128.1747014
15.04057951684254,128.2023911
15.05927412552323,128.2296023
15.029155014424413,128.2593616
15.0413584269674,128.2912699
15.05148467623639,128.3257238
15.038502353568639,128.3628827
15.044733843390333,128.4009996
15.048628533229966,128.4401488
15.064207362195981,128.4783463
15.04758998639685,128.5135176
15.073554701340209,128.5478966
15.052003949652997,128.5825128
15.065765252053367,128.619039
15.077449391179744,128.6589063
15.08108444431103,128.6998912
15.074593248173326,128.739443
15.076670481054883,128.7756518
15.066024888761625,128.8111481
15.078228370912273,128.8487914
15.078228370912273,128.8865921
15.096663273277045,128.9234409
15.078228370912273,128.9590958
15.08939316701448,128.99515
15.08030553418617,129.0330322
15.092768583437508,129.0721119
15.086277387299702,129.1128626
15.107049159254387,129.1528184
15.102894832706497,129.1925326
15.11224210224306,129.2334445
15.101336942849112,129.2747532
15.118214024964256,129.3165413
15.129119184358109,129.3565795
15.131196347632104,129.3964558
15.117435045231732,129.4353802
15.114578902225212,129.4762951
15.116396498398615,129.5191207
15.122368351512051,129.5605129
15.12600340464343,129.5974465
15.128599910941597,129.6347025
15.11328071868384,129.6726719
15.127561294500723,129.7100884
15.134312127346778,129.7482183
15.139245433627195,129.7889775
15.155603172717978,129.829817
15.131715621048615,129.8712929
15.13145598434036,129.9134852
15.14002434375206,129.9541666
15.144698013324124,129.9938135
15.137168200745538,130.0303555
15.142880486758479,130.0664217
15.156641789158853,130.1033637
15.149371682896188,130.1396675
15.15975756887353,130.175655
15.15456462588486,130.2118798
15.166248695403674,130.2480278
15.156901425867106,130.2849692
15.155083899301466,130.3232682
15.173518801666237,130.3612457
15.15975756887353,130.3982709
15.17403814469051,130.4325075
15.163652258713165,130.4657119
15.180529340828215,130.4981183
15.173518801666237,130.5306048
15.187280104066613,130.5635708
15.187020467358257,130.5966168
15.192992390079455,130.6301396
15.191174863513814,130.6663695
15.19169413693042,130.7050695
15.19169413693042,130.7447255
15.18364505093523,130.7847014
15.195069553353449,130.8244382
15.19169413693042,130.8616257
15.192473047055282,130.8955505
15.19896424319299,130.9251744
15.186760830650003,130.9505772
15.198185333068126,130.9747878
15.204157186181659,130.9996347
15.215841325308038,131.0259936
15.20467645959817,131.0563347
15.19896424319299,131.0891463
15.203378276056798,131.1231533
15.20363791276515,131.156205
15.208830855753726,131.1878224
15.203897549473401,131.220236
15.211427292444228,131.2533686
15.203118639348546,131.2900047
15.20467645959817,131.3279934
15.211686929152581,131.3658256
15.217139578457171,131.4025427
15.232718407423185,131.4391006
15.225967574577126,131.474067
15.222592158154098,131.5099894
15.212725545593361,131.5452733
15.236093823846215,131.5769744
15.229342991000154,131.6058085
15.226486847993733,131.6336073
15.24492181996617,131.6626016
15.219736015147673,131.6950199
15.22778510114277,131.7297495
15.21869746831456,131.7664707
15.237911350411855,131.8058202
15.2358341175302,131.8451701
15.250893673079606,131.8835674
15.244662183257917,131.9210865
15.243883203525293,131.9592424
15.242065676959651,131.9966026
15.242325313668003,132.0328503
15.254269089502634,132.0683796
15.248816509805708,132.1029533
15.247258619948322,132.1389626
15.241286766834888,132.1773606
15.2482972363892,132.214963
15.256086616068279,132.2526457
15.269328645052141,132.2887365
15.253490179377872,132.3237093
15.254269089502634,132.3590846
15.255826979360023,132.3923061
15.261279559056948,132.4247317
15.263097085622592,132.4551684
15.276858388022964,132.4860022
15.277377661439568,132.5170733
15.283609220869023,132.5506159
15.28438813099388,132.5873464
15.283609220869023,132.6278243
15.28257060442824,132.6709285
15.29373547013811,132.7140359
15.28568638414292,132.7560253
15.275819771582183,132.7965825
15.281532057595124,132.8365037
15.289840780298475,132.8753095
15.300745939692423,132.9134766
15.300745939692423,132.9510076
15.30334237638283,132.9886216
15.296851249852788,133.024321
15.30126521310893,133.0597812
15.30126521310893,133.0934093
15.313987899068527,133.1248857
15.291398600548197,133.1543701
15.3038617194071,133.1848137
15.30282310296632,133.2145384
15.310093209228889,133.2443433
15.296591543536868,133.2735091
15.30723713583013,133.3021985
15.303602082698847,133.3308082
15.299966959959894,133.3602173
15.304121356115456,133.3903405
15.307496772538386,133.4193505
15.299966959959894,133.4471648
15.316844042074946,133.4744999
15.308275682663249,133.5026343
15.319440548373112,133.5333981
15.30723713583013,133.5638425
15.30490026624022,133.5926144
15.313728262360172,133.6213066
15.32489312807004,133.6543837
15.312689715527057,133.6909669
15.309573935812379,133.7336883
15.328008907784813,133.7774465
15.3316439609161,133.8214423
15.335019377339128,133.8663978
15.335798287463989,133.9111941
15.348001700006975,133.9569475
15.337096540613027,134.0023018
15.33475967102311,134.0451072
15.347742063298625,134.0863172
15.338914067178669,134.1262543
15.359166565716844,134.1671483
15.348520973423483,134.2077231
15.330864981183575,134.2481386
15.342289483601698,134.2877579
15.356310422710324,134.3231546
15.348001700006975,134.3551997
15.358387585984318,134.385095
15.343587736750829,134.4145909
15.343587736750829,134.4431331
15.35163675313826,134.4716729
15.359945475841608,134.4990166
15.373706778241981,134.5261234
15.368254198545053,134.554504
15.372408525092943,134.5835245
15.361763002407251,134.613182
15.362801618848128,134.6410865
15.364878782122025,134.6676348
15.369552451694089,134.6960194
15.373706778241981,134.7267919
15.371369978259828,134.7617137
15.373966414950234,134.8002227
15.390064517332858,134.8416048
15.384352300927576,134.8840215
15.369033108669916,134.928035
15.388246990767213,134.9722064
15.394218913488409,135.0150245
15.386948807225746,135.0569664
15.389285607207997,135.0984292
15.384611937635928,135.1394127
15.400190766601845,135.1791228
15.404085456441484,135.2178767
15.418106465157777,135.2567109
15.409278399430155,135.2951458
15.416288938592132,135.3346207
15.422780065122174,135.3747303
15.416029232276113,135.4173938
15.427713371402591,135.4622915
15.423559044854702,135.50671
15.412394179144833,135.5499349
15.404085456441484,135.591324
15.430829151117265,135.6309597
15.431867697950482,135.6704359
15.437320347255072,135.7088758
15.43446420424865,135.7485929
15.4282326448191,135.7899071
15.443292200368605,135.8312193
15.442513290243745,135.870538
15.44978339650631,135.9098599
15.440955400386356,135.9469457
15.450043033214564,135.9828376
15.44485009022599,136.0189699
15.456274592644117,136.0550999
15.450821943339427,136.0915528
15.44978339650631,136.1285607
15.45939030275113,136.1651745
15.453937723054203,136.202823
15.466660478621458,136.2418263
15.46120782931677,136.2795558
15.465881498888935,136.3167284
15.476786658282785,136.3539788
15.488470797409164,136.3937038
15.473670948175771,136.4359034
15.478604184848427,136.4800953
15.485095380986234,136.526842
15.497298793529216,136.5730295
15.485874360718757,136.618583
15.491326940415686,136.6646918
15.49755843023747,136.710084
15.506905769381698,136.7553195
15.503789989666924,136.8002356
15.503530352958668,136.8454697
15.506646132673342,136.8915044
15.507684679506461,136.9365797
15.515733765501654,136.9787864
15.508463659238988,137.0156444
15.511060095929489,137.0480389
15.501193483368755,137.0773989
15.514175875644266,137.1052445
15.524302124913351,137.1323731
15.510540822512981,137.1580644
15.517032018650688,137.183516
15.51781092877555,137.2104852
15.510281185804725,137.2408068
15.506646132673342,137.2708059
15.504309263083432,137.3027229
15.510540822512981,137.3351202
15.508982932655593,137.3670351
15.510540822512981,137.399513
15.529495067902024,137.4338235
15.532091504592431,137.4707693
15.511579369346098,137.5093905
15.527158198312112,137.547772
15.533389757741565,137.5882318
15.536505537456339,137.6309244
15.541958117153268,137.6756126
15.517551292067294,137.7216564
15.529495067902024,137.7653883
15.534688010890598,137.8040129
15.526638924895503,137.8395253
15.545852806992803,137.8718479
15.541179207028405,137.9023331
15.546112443701057,137.9341762
15.549487860124087,137.9660997
15.55000720314836,137.9982635
15.547670333558447,138.0311425
15.545073896867942,138.0642646
15.542996733594046,138.0973871
15.547670333558447,138.1277143
15.542996733594046,138.1568467
15.553382619571387,138.1856593
15.542996733594046,138.2144721
15.562470252399596,138.2424875
15.565586032114373,138.272496
15.56376850554873,138.3049029
15.561691272667073,138.3377878
15.562989525816205,138.3689149
15.568182468804874,138.3993273
15.566884215655744,138.4302949
15.563249162524459,138.4614256
15.568182468804874,138.494312
15.567403558680013,138.5281565
15.582722750937675,138.562799
15.579347334514742,138.5956865
15.582982387646028,138.6274563
15.566364942239236,138.6597041
15.585319187628182,138.6931528
15.588175330634702,138.7279572
15.591810383765985,138.7641174
15.594926163480663,138.8006781
15.589473514176072,138.8380397
15.592070020474239,138.8761969
15.60401379630897,138.9153151
15.607908486148506,138.9549113
15.596743690046402,138.9936302
15.597522600171166,139.0312315
15.597522600171166,139.0692335
15.596483983730383,139.1060379
15.606610232999472,139.1410869
15.608947102589385,139.1734998
15.616736482268463,139.2054355
15.628680258103191,139.2375316
15.616217208851953,139.2728995
15.621929425257136,139.3101838
15.623746951822776,139.3504254
15.623487315114518,139.3925808
15.627122368245807,139.4365754
15.627641641662414,139.4784944
15.630238147960581,139.5187353
15.638806507372282,139.5571433
15.632574947942732,139.5952289
15.630757421377092,139.6313213
15.631276764401363,139.6658155
15.631017058085346,139.7007104
15.647115230075633,139.7349679
15.648673119933019,139.7677871
15.642960833920075,139.7995685
15.662174716017374,139.8313501
15.661395805892514,139.8627318
15.644778360485718,139.8937961
15.662174716017374,139.9238999
15.663472969166508,139.95177
15.650230940182643,139.9787621
15.647374866783887,140.0079913
15.643999450360955,140.0408933
15.658280026177833,140.0744337
15.666588748881185,140.1098108
15.664511585607286,140.1463093
15.671522055161603,140.1856803
15.670743075429076,140.2261703
15.67385885514385,140.2679393
15.663992242583015,140.3106672
15.671781691869857,140.353716
15.685023720853716,140.3960446
15.675676381709488,140.4374955
15.67437812856036,140.4796677
15.699563933378856,140.5216802
15.687100884127613,140.5612961
15.690995573967156,140.5973192
15.696188516955823,140.6318237
15.700602549819637,140.6642515
15.694630627098437,140.6958041
15.704497239659272,140.7262357
15.709170839623672,140.7560295
15.710728729481056,140.7859838
15.71306559907097,140.8153777
15.70527614978413,140.8452524
15.707613019373948,140.8771244
15.7125462560467,140.9102756
15.709949819356199,140.9454215
15.71020945606445,140.981609
15.711767345921839,141.0184351
15.715921672469731,141.0573388
15.732798754584781,141.0989584
15.724749668589684,141.14073869999999
15.739030314014233,141.1809201
15.722412868607437,141.2198258
15.734097007733913,141.2576131
15.733318028001388,141.2941219
15.733837371025562,141.3311918
15.737732060865193,141.3661848
15.748896856967304,141.3990205
15.73980922413909,141.4316964
15.747079330401661,141.4654113
15.760321359385523,141.5000052
15.739289950722583,141.5332428
15.746300420276896,141.5655195
15.76291779607593,141.5985976
15.756426669545888,141.6326347
15.756426669545888,141.6683493
15.772005498511898,141.7043847
15.770447608654514,141.7384202
15.770447608654514,141.7718206
15.760321359385523,141.8063376
15.76291779607593,141.8411754
15.756167032837633,141.8760937
15.767591465648092,141.9099735
15.757465216379003,141.9428148
15.771226518779375,141.9741367
15.778756331357963,142.0042625
15.755907326521617,142.0358254
15.77693880479232,142.0684276
15.7805738579236,142.1025498
15.78161240475672,142.1369901
15.786805347745393,142.1724725
15.781093131340112,142.2089916
15.782391384489245,142.2459118
15.789921127460163,142.2834707
15.793815817299706,142.3203917
15.789142217335304,142.3577912
15.798749123580121,142.3947931
15.791219380609197,142.431475
15.798749123580121,142.4689559
15.790700037584928,142.50644
15.800047376729156,142.5448006
15.794854433740484,142.5841233
15.790700037584928,142.6223246
15.797970213455258,142.6604488
15.808615736140858,142.6991318
15.817443732260811,142.7378153
15.82705063850563,142.7760985
15.816664752528284,142.8150233
15.8322435814943,142.8537082
15.830685761244577,142.8940738
15.822896311957736,142.9341194
15.829647144803799,142.9744032
15.823415585374345,143.0124515
15.833801471351686,143.05042
15.828348891654665,143.0881486
15.83094539795293,143.1266764
15.834580451084214,143.1651245
15.841590920638527,143.2038937
15.8322435814943,143.2426633
15.843927720620679,143.2803941
15.8467838636272,143.3155684
15.849120663609348,143.3516221
15.85872763946183,143.3867945
15.843148810495912,143.4245269
15.849899643341875,143.4619419
15.86547847230789,143.5011929
15.862362692593116,143.5415666
15.865218765991974,143.5820985
15.842889173787563,143.6251907
15.862362692593116,143.6698814
15.854053969889767,143.7129722
15.868594182414903,143.7537467
15.86729599887353,143.7946019
15.872488941862203,143.8364169
15.862362692593116,143.879272
15.871709962129678,143.9226087
15.869113525439175,143.9641048
15.867036362165274,144.0050428
15.876643268410092,144.0444607
15.880537958249635,144.0815621
15.87067141529656,144.1189018
15.882615121523529,144.1596013
15.882355484815276,144.2003012
15.879239774708262,144.240363
15.883913374672662,144.2783459
15.885211627821796,144.3133707
15.904425509919095,144.3470354
15.900530820079455,144.3811014
15.900530820079455,144.4130082
15.906762309901243,144.4465938
15.904165873210742,144.4813799
15.895857150507393,144.5207234
15.90468514662735,144.5620694
15.912993869330696,144.6028546
15.912734232622443,144.6424402
15.921821865450651,144.6809865
15.926235898314562,144.719854
15.915071032604692,144.7590427
15.92337975530804,144.7995898
15.9194850654685,144.8387796
15.918965722444229,144.8754891
15.919744702176757,144.9093201
15.931688478011486,144.9410717
15.918446449027716,144.9706637
15.91481139589634,144.998898
15.924678008457173,145.028969
15.908320199758633,145.0596819
15.931428841303232,145.0910367
15.938439310857543,145.1218304
15.942074363988828,145.1527045
15.924158665432904,145.1834186
15.931428841303232,145.2142934
15.949344470251397,145.2439681
15.940256837423188,145.2739639
15.945449780411858,145.3070798
15.943112910821947,145.3412362
15.957653192954842,145.3745106
15.957912829663098,145.4066678
15.954277776531812,145.4376249
15.957653192954842,145.4686598
15.96414438909255,145.4983395
15.961807519502635,145.527057
15.962846135943511,145.5560955
15.97323202192076,145.5871316
15.972193405479976,145.6188123
15.97868460161778,145.6517687
15.978165328201177,145.6861693
15.96985660549773,145.7212093
15.977905621885256,145.756247
15.979463511742546,145.7900097
15.974530275069894,145.8221683
15.983877544606456,145.8539289
15.992445904018059,145.8879306
15.977126711760397,145.9251333
15.984916161047236,145.9668956
15.990628377452417,146.0074579
16.008284369692326,146.0495422
15.997638847006728,146.0892257
15.98465645473122,146.1289097
15.992186267309803,146.1700355
16.01010189625797,146.2112394
16.020487782235314,146.2522059
16.010880806382833,146.2926915
16.012438696240217,146.3327791
16.005168589977647,146.3728672
16.00958262284146,146.4135148
16.014515929121874,146.4540024
16.0306140315044,146.4943327
16.028536868230503,146.5352225
16.0246421087832,146.5781133
16.033470174510825,146.621323
16.03632624790958,146.6641347
16.03243155807004,146.7081479
16.038663117499492,146.7512015
16.057876999596793,146.7940952
16.04203846431486,146.8360293
16.051385803459084,146.8785229
16.048010387036054,146.9200568
16.055799766715232,146.9628725
16.05683838315601,147.0053678
16.04567358705381,147.0489871
16.05216471358395,147.0902022
16.066704995716744,147.1290986
16.058136636305143,147.1651948
16.069041795698997,147.202011
16.076311901961564,147.2388276
16.06748390584161,147.2770864
16.08306273480762,147.3163035
16.078908408259732,147.3563235
16.06930143240725,147.3975452
16.084101351248403,147.4395647
16.078908408259732,147.4821491
16.084360987956753,147.524892
16.08513989808152,147.5656343
16.07709088169409,147.6051759
16.11292213959052,147.6459192
16.080206591801204,147.6871445
16.10045909033928,147.7264468
16.09630476379139,147.7646312
16.09215036763583,147.8012134
16.099160837190144,147.8366776
16.08851531450455,147.8722198
16.10461348649483,147.9079229
16.09656440049974,147.9463476
16.098381927065386,147.9848557
16.095006510642353,148.0252024
16.123827368592135,148.0644311
16.110066066191763,148.1028577
16.1033152333457,148.1406451
16.10720992318534,148.1781949
16.10850817633437,148.2157424
16.12746242172342,148.2566539
16.115778282596946,148.299407
16.134213254569477,148.3420804
16.126943078699146,148.3815512
16.122269478734747,148.4223069
16.114480029447908,148.4625788
16.116557192721803,148.5014115
16.13161674827131,148.5372018
16.145118413963328,148.5734743
16.119932609144833,148.6077427
16.125644895157773,148.641214
16.13836758111727,148.6752449
16.147714850653834,148.7098355
16.143560524105936,148.7429064
16.150570993660253,148.7762961
16.155244663232416,148.8082463
16.152648156934244,148.8396374
16.151869246809387,148.8715079
16.163553385935764,148.9041789
16.15446568349989,148.9370109
16.150830630368606,148.9663183
16.148493830386357,148.9941057
16.14901310380287,149.0206139
16.14797455696975,149.04576
16.15109026707686,149.0688212
16.15602357335718,149.0937268
16.150051720243745,149.1209559
16.157062189798058,149.1521091
16.168486622608516,149.1867049
16.168746328924435,149.2248262
16.16978487575755,149.2651884
16.178872508585858,149.3055537
16.174977818746225,149.3444768
16.163034042911494,149.3822788
16.170563855490077,149.4182395
16.166669096042877,149.4551616
16.180170761734896,149.4923224
16.180949741467423,149.528445
16.17264101876407,149.5654487
16.18588297814017,149.6021315
16.184584794598706,149.6373746
16.17939185161003,149.6740583
16.18172865159228,149.7129858
16.19133562744476,149.7536753
16.19419170084352,149.7965285
16.196528570433433,149.8410636
16.19678820714169,149.8848791
16.206395113386506,149.9274154
16.20769336653564,149.9682683
16.204577586820864,150.0081605
16.205096929845134,150.047732
16.190297011003985,150.0852209
16.203279333671826,150.1220703
16.19912500712394,150.1580392
16.213145946232565,150.1930474
16.205096929845134,150.2258924
16.199384643832193,150.2575356
16.216002089238987,150.2904616
16.214444199381603,150.3239503
16.220156415786878,150.3581569
16.230282665055967,150.392206
16.216521362655595,150.426416
16.21730034238812,150.4611057
16.226128338508076,150.4948344
16.218858162637748,150.5254413
16.2336580814789,150.5534804
16.224570448650688,150.5782394
16.228205501781975,150.6028353
16.237293134610283,150.6291934
16.245342220605377,150.6598818
16.229503754931105,150.6936126
16.23443699160376,150.7273438
16.254689490141836,150.7629981
16.237812408026787,150.8004177
16.258843886297395,150.8374359
16.248198294004133,150.8742136
16.238591387759318,150.9108309
16.250015820569775,150.9462463
16.247679020587526,150.9804622
16.261959596404505,151.0170807
16.255987743290973,151.0541818
16.264556102702674,151.0924858
16.278577041811303,151.1305466
16.27624024182905,151.1698131
16.26092104957139,151.2125243
16.262478939428775,151.2570816
16.257545633148357,151.3010743
16.266892902684823,151.3441087
16.280134931668687,151.3860214
16.283510348091717,151.4260919
16.264036829286066,151.46552
16.283250711383364,151.5034271
16.26299821284529,151.5406141
16.285587511365613,151.5785221
16.28428925821648,151.6181931
16.287405037931254,151.6566646
16.296752307467724,151.6948123
16.28766467463951,151.7303996
16.308436446594197,151.7671071
16.30791717317759,151.802213
16.28948220120515,151.8349137
16.28428925821648,151.867454
16.30012772389075,151.8999973
16.290001474621757,151.9330981
16.303243503605525,151.9659608
16.29285761762818,151.998264
16.301945250456395,152.0300049
16.320380222428927,152.0617461
16.31518727944026,152.0949317
16.301685613748138,152.1275549
16.298569834033458,152.1622656
16.307657536469332,152.1979357
16.301685613748138,152.2336867
16.322457385702823,152.2689584
16.31103295289236,152.3030249
16.317524079422405,152.3365344
16.319341605988047,152.3710035
16.316225895881033,152.4084416
16.33595905139484,152.4449156
16.321159132553692,152.4805085
16.328688945132274,152.5160241
16.33699766783572,152.5521001
16.32842930842402,152.5899396
16.345825663955676,152.6285003
16.338036214668836,152.668345
16.33595905139484,152.7088332
16.338295851377094,152.7476365
16.33985374123448,152.7834739
16.349201080378705,152.8192313
16.344787047514895,152.8527435
16.35257649680173,152.8868188
16.334920434954064,152.9193697
16.341151994383512,152.95064
16.336737961519702,152.9805465
16.33933446781787,153.0075672
16.35828871320692,153.0321011
16.354134317051365,153.0568791
16.344527410806542,153.0817351
16.34374843107402,153.1070709
16.349979990503467,153.1353763
16.350499263920074,153.1669675
16.35673082334953,153.2034528
16.355692206908746,153.2423424
16.374646452297792,153.2825136
16.36322201948733,153.3206833
16.36633779920201,153.3555649
16.376723685179353,153.3874799
16.368674599184256,153.4160263
16.386590228132423,153.442008
16.37802186872082,153.4702359
16.371530742190682,153.5031947
16.383474448417747,153.5403243
16.38866739140642,153.5792984
16.36815532576765,153.6195542
16.384253428150274,153.6594915
16.38633059142417,153.6960627
16.38840775469807,153.7278203
16.392562150853625,153.756611
16.392821787561974,153.786525
16.40762163679537,153.8190072
16.398534003967153,153.8522885
16.418786502505235,153.8862135
16.43176882517308,153.9207822
16.424758355618767,153.9562305
16.419565412630096,153.9919205
16.418007522772708,154.0282542
16.43228816819735,154.0649878
16.42371980878565,154.1042095
16.421382939195734,154.1460776
16.434624968179506,154.1852976
16.433326715030468,154.2219552
16.429951298607435,154.2567661
16.440077547876523,154.2911753
16.429172388482574,154.3266303
16.422940829053122,154.3621635
16.413593559516563,154.3966569
16.425537335351294,154.4308263
16.42761449862519,154.4626715
16.444491580740337,154.4970051
16.43800038460253,154.5349478
16.433326715030468,154.5756981
16.44475121744859,154.6170119
16.44423187442432,154.6583236
16.446049400989956,154.7005207
16.446828380722486,154.7429596
16.44475121744859,154.7872411
16.446049400989956,154.8310433
16.453838850276803,154.8739639
16.458512519848963,154.916885
16.458512519848963,154.9618125
16.470456295683693,155.006821
16.460849319831116,155.0499049
16.468898405826305,155.0905812
16.47564923867236,155.1300567
16.479284291803648,155.1682455
16.46811942609378,155.2068397
16.476947422213737,155.2403767
16.457473903408182,155.2699827
16.479284291803648,155.2984679
16.469417679242813,155.3263098
16.48110181836929,155.3538301
16.47538953235635,155.3832789
16.49096836132236,155.4154553
16.501354247299705,155.45044
16.493305230912274,155.4876698
16.511480496568698,155.5269088
16.511740133277048,155.5692781
16.50706653331255,155.6123668
16.513038386426086,155.6554587
16.515634892724247,155.6983902
16.51875060283136,155.7407618
16.52212601925429,155.7816882
16.51225947630122,155.8205285
16.517712055998246,155.8575238
16.527059325534708,155.8935567
16.533031248255906,155.9312744
16.52498216226081,155.9701164
16.529396195124622,156.0094418
16.528357578683842,156.0484457
16.538483827952835,156.0855214
16.544975024090636,156.1224394
16.543676770941506,156.1590385
16.544975024090636,156.1960377
16.536666301387193,156.2323936
16.542118881084214,156.2702762
16.54341713423325,156.3075986
16.541339901351588,156.3433951
16.54627320763201,156.3794334
16.541339901351588,156.4153916
16.55951523661577,156.4529544
16.564188906187937,156.4909201
16.57795020858831,156.5292887
16.56055385305665,156.5661312
16.564967816312798,156.6063464
16.569381849176605,156.6469619
16.580806281987066,156.6846885
16.562111673306276,156.7223376
16.565227453021052,156.7578167
16.576392318730917,156.7934572
16.57301690230789,156.8282985
16.57431508584926,156.8612889
16.56392919987192,156.8918756
16.57717122885578,156.921097
16.593269331238304,156.9499966
16.601058780525143,156.9812227
16.584181698410095,157.0158246
16.57561333899839,157.0519509
16.576911592147432,157.0891186
16.588076388249632,157.1280551
16.59482722109569,157.1673946
16.59638511095308,157.2051272
16.604434196948173,157.2435042
16.59950089066776,157.2813987
16.604953470364684,157.3169645
16.596904453977253,157.3510869
16.604953470364684,157.3839244
16.60677099693033,157.4157182
16.598462274226975,157.4483175
16.593269331238304,157.4785046
16.60547274378129,157.5065263
16.604693833656427,157.5345482
16.61222357662735,157.5628925
16.61066568676996,157.5939662
16.608328886787714,157.6254401
16.631697165040567,157.6557925
16.61378146648464,157.6885526
16.623907715753727,157.7234009
16.61326219306813,157.7594546
16.608588523495968,157.7949478
16.628062042301618,157.8297972
16.619753389205833,157.8651275
16.613521829776385,157.9016658
16.628321748617534,157.939246
16.610406050061705,157.9761851
16.632995348581936,158.0116807
16.611185029794232,158.0450053
16.619753389205833,158.080099
16.614041103192992,158.1139074
16.59950089066776,158.1465943
16.618455136056802,158.1783151
16.61482008292552,158.2084312
16.619234046181663,158.2386254
16.61170430321074,158.2679394
16.628321748617534,158.2985368
16.62858138532579,158.3308229
16.61663760949116,158.3632703
16.620791936038955,158.3955544
16.62494633219451,158.4254309
16.628062042301618,158.4540245
16.62754276888501,158.4835794
16.622090189188086,158.5135373
16.614300809508908,158.5387574
16.62676385876015,158.5592396
16.626504222051896,158.5774698
16.632216438457174,158.5966664
16.635851491588454,158.6182711
16.6376690181541,158.6427699
16.644939124416666,158.6699991
16.63870763459488,158.6987533
16.641823344701894,158.7269467
16.65506537368575,158.7547376
16.662854822972594,158.7817261
16.664672349538236,158.8096786
16.656882900251397,158.8402006
16.64961279398883,158.8718504
16.656103990126535,158.9010064
16.65298821041176,158.9291211
16.66597053307961,158.9584414
16.663374096389106,158.9907341
16.66259511665658,159.0255159
16.667788059645254,159.0607008
16.65818115340043,159.097089
16.667528422936996,159.1323552
16.68544412149292,159.1636858
16.678173945622596,159.1946944
16.67246172921741,159.2264256
16.68310725190301,159.2616127
16.67635641905695,159.2972808
16.67220209250906,159.3298964
16.67921256206337,159.3605871
16.688300194891678,159.3931228
16.678693288646866,159.4275089
16.683366888611264,159.4639012
16.686742305034297,159.5001354
16.681289725337365,159.5365312
16.689079174624204,159.5729248
16.675317872223836,159.6079545
16.67064420265177,159.6400926
16.693493137880353,159.6687749
16.688559831599935,159.6968962
16.69946506060155,159.7259818
16.69271422775549,159.7557901
16.686742305034297,159.7885715
16.695830007470267,159.8244871
16.695310664445994,159.8605643
16.69894571757728,159.89817
16.692194884731222,159.9344065
16.693493137880353,159.9675925
16.70725444028063,159.9998953
16.709331603554624,160.0321984
16.70465800359022,160.0663469
16.727506938818806,160.1010624
16.719717489531963,160.1341696
16.718938579407105,160.1671965
16.716601779424852,160.1980536
16.743605041201327,160.228347
16.72127537938925,160.2585628
16.724131522395773,160.2899848
16.73347879193224,160.3222882
16.732440245099124,160.3535497
16.73996998807004,160.3840084
16.73841209821266,160.4163932
16.73529631849788,160.4496648
16.75269267402954,160.4823726
16.749317257606506,160.5144388
16.75580845374431,160.5448184
16.748278710773388,160.5745537
16.776839862407254,160.6039696
16.75632772716082,160.6364372
16.753471653762066,160.6693081
16.768790846019822,160.7022599
16.769569756144683,160.7363376
16.76178037646551,160.7702545
16.777878478848034,160.8058614
16.781513531979318,160.8433949
16.77138728271033,160.8836635
16.795794107796297,160.924494
16.779176731997165,160.9656475
16.77606095228239,161.0068821
16.782032805395925,161.0481145
16.790601164807626,161.0900728
16.796313450820566,161.1314702
16.804362467207998,161.1708585
16.78800472811712,161.2090383
16.800467777368358,161.2465791
16.804881740624506,161.2850043
16.802285303934,161.324956
16.79865025080272,161.3673183
16.80851686336345,161.4105678
16.805660720357032,161.453576
16.812151916494834,161.4974688
16.82461496574608,161.541604
16.844607757968234,161.5850949
16.815267626601848,161.6277051
16.839414814979563,161.6683839
16.828509655585613,161.7092244
16.83993415800374,161.7523979
16.830327182151258,161.7934813
16.82461496574608,161.831913
16.839155178271213,161.8682518
16.827471108752494,161.9029868
16.84538673770076,161.9378807
16.83396223528254,161.9749463
16.834741215015065,162.0141004
16.859667313517644,162.0526153
16.839674521295485,162.08904
16.851358590814193,162.1246588
16.851877933838466,162.1617265
16.857590150243748,162.1996789
16.85343575408819,162.2385965
16.84512710099241,162.2770335
16.86615850965535,162.316675
16.857590150243748,162.3570427
16.857849786952,162.3980532
16.85343575408819,162.4384998
16.85707087682714,162.4803956
16.879140832323195,162.5215689
16.855253350261496,162.559203
16.88485311833614,162.5944265
16.87161108935237,162.6281238
16.863302366648927,162.6622218
16.857590150243748,162.6946296
16.872389999477136,162.7247879
16.86953392607838,162.7528552
16.855253350261496,162.7798772
16.87264970579315,162.8063349
16.87888119561494,162.8331181
16.881218065204852,162.8600601
16.87420752604278,162.8854729
16.860965566666675,162.9098428
16.868754946345852,162.9326028
16.87057247291149,162.9559275
16.871870726060628,162.980056
16.87057247291149,163.0061149
16.880179448763975,163.0340234
16.876284758924438,163.0628972
16.881737338621363,163.0956316
16.88381450189536,163.1331137
16.88381450189536,163.1730884
16.88225661203797,163.2153163
16.88978635500879,163.2566577
16.889007444884026,163.3001745
16.885891665169257,163.3440924
16.896537187854847,163.3869652
16.893940751164347,163.4284727
16.901730130843525,163.4673245
16.909519580130365,163.5022354
16.890305698033067,163.5355388
16.90640380041559,163.5677134
16.92925273564417,163.6019021
16.90822132698123,163.6389868
16.90848096368958,163.6751067
16.91834757625032,163.7069627
16.91393354338651,163.7352
16.917828302833808,163.7600577
16.925358045804632,163.783469
16.91834757625032,163.8084077
16.9305509887933,163.8359198
16.933926405216333,163.8645615
16.93704218493111,163.8947308
16.9219826293816,163.9254623
16.927954482495135,163.9570788
16.92457913567977,163.9890989
16.935224658365467,164.0218454
16.930031715376796,164.0534628
16.941456148187154,164.0850805
16.950803487331385,164.1163785
16.953399924021888,164.1481582
16.94846661774147,164.1806643
16.956256067028402,164.2138941
16.961449010016977,164.2468015
16.973392785851708,164.2801126
16.94924559747409,164.3151937
16.97157525928607,164.3513185
16.963526173290973,164.3864809
16.984038308537304,164.4205976
16.979105002256986,164.4540719
16.979624275673498,164.48827
16.971834895994323,164.5220651
16.97469096939308,164.5559412
16.98014361869777,164.5903017
16.9967609944969,164.6258675
17.003511827342958,164.6624826
17.002732917218097,164.701188
17.00688724376589,164.74094
16.998838157770795,164.7821423
16.994943467931257,164.8225409
17.00117502736071,164.8630179
17.015455603177593,164.903899
17.009743386772406,164.9435755
17.000396047628183,164.9829298
17.00429080707548,165.0230054
17.01078193360553,165.0627641
17.0159748765942,165.1008314
17.022985346148513,165.1374492
17.023504689172782,165.1726203
17.002213574193824,165.2066646
17.021946799315394,165.2419171
17.023764325881036,165.2789401
17.02739937901232,165.3186185
17.020648546166264,165.3600703
17.037525628281408,165.4025664
17.02947654228622,165.4436964
17.03882381182278,165.481526
17.027659015720573,165.5154149
17.023504689172782,165.5459198
17.0245432360059,165.5736889
17.022466072731902,165.5984828
17.033890575150025,165.6206995
17.035188758691493,165.6433979
17.028437925845434,165.6681896
17.044276461127367,165.696845
17.037265991573058,165.7310563
17.035708101715766,165.7686498
17.042458934561726,165.8091388
17.04998867753265,165.8503547
17.05751842050347,165.8891551
17.052065840806545,165.9267505
17.043497481394844,165.9634584
17.051546567390034,165.9993623
17.04791151425875,166.0343006
17.05959558377746,166.06932
17.056479873670355,166.1048242
17.064528890057787,166.1411332
17.09205149485853,166.179294
17.074135865910268,166.2168094
17.07050081277898,166.2548095
17.086339278453252,166.2939377
17.085300662012468,166.3329855
17.0865989151616,166.3710678
17.09257076827504,166.4062524
17.08997433158463,166.4403097
17.08166560888119,166.4721124
17.103995270693257,166.5041575
17.087118188578113,166.5344323
17.098802327704586,166.5656734
17.104774180818023,166.5990893
17.09984094414537,166.6331487
17.11749693638528,166.6688178
17.10555316055055,166.7058572
17.122949516082205,166.7449101
17.123988132523085,166.7867812
17.11541977311138,166.8301843
17.12606529579698,166.8774528
17.12476704264785,166.9272976
17.121391626224817,166.9778673
17.130998602077394,167.0284404
17.136451181774323,167.0784491
17.131777512202163,167.1284586
17.13463365520868,167.1774218
17.13826870833996,167.225258
17.14605808801914,167.2709226
17.157222953729004,167.3152985
17.13619154506607,167.3613655
17.14605808801914,167.4058208
17.154886084139093,167.451165
17.148394957609053,167.497958
17.14995284746634,167.5448325
17.15332819428171,167.5900979
17.165012333408082,167.6322223
17.16968600298025,167.671771
17.166050949848962,167.7098692
17.165791313140613,167.7476447
17.15566506387162,167.7863872
17.17487894596892,167.825857
17.178254362391947,167.8645196
17.163973786574967,167.9039096
17.18604374207103,167.946442
17.181629778814976,167.9891338
17.193313917941357,168.0315865
17.192794574917084,168.075246
17.20032438749567,168.1175383
17.197208607780897,168.15838
17.20603660390085,168.1983363
17.205776967192595,168.2366023
17.207334857049982,168.2738212
17.20551733048434,168.3116842
17.207854130466586,168.3494668
17.2036998039187,168.3861243
17.208373403883098,168.4225399
17.210450567156997,168.4559724
17.212008457014385,168.4866694
17.213047073455165,168.5179268
17.216682126586544,168.5508783
17.236155645392095,168.584638
17.22862590242118,168.6185568
17.229924155570313,168.6536852
17.232260955552462,168.6930849
17.222913686016,168.7336107
17.223173322724254,168.7721253
17.227327649272144,168.8088658
17.236415282100353,168.8448822
17.24005033523164,168.8827519
17.234857392242965,168.9220736
17.23200131884421,168.9625242
17.232520592260812,169.0027329
17.240310041547655,169.0412481
17.24186793140504,169.0787996
17.241088951672417,169.1167528
17.248878400959356,169.1556734
17.234338118826454,169.192903
17.250176584500725,169.2298098
17.240310041547655,169.2656694
17.24082931496416,169.3012896
17.266274756490912,169.3336835
17.247580147810222,169.3651942
17.263937886901097,169.3957383
17.24082931496416,169.4252322
17.25095556423325,169.4564207
17.242646841529805,169.4890585
17.267572940032377,169.522828
17.25588887051367,169.5583676
17.248359057935083,169.5948773
17.25407134394793,169.6315463
17.258744943912422,169.6674131
17.26004319706146,169.702631
17.256148507221923,169.7372082
17.272246609604448,169.7736391
17.269390466598022,169.8107142
17.287565801862204,169.8472241
17.27328522604523,169.8851056
17.28185358545693,169.9274217
17.285748275296566,169.9710288
17.275102752610866,170.0128612
17.286527185421328,170.0510679
17.299249940988584,170.0851639
17.29275874485088,170.1164396
17.29379729168399,170.1457784
17.294576271416517,170.1736708
17.29976921440519,170.2037377
17.317165569936847,170.2386408
17.314309426930325,170.2762036
17.31327088009721,170.314012
17.3174252066451,170.3521415
17.30807793710854,170.3897864
17.324435676199418,170.427192
17.34390919500497,170.4649187
17.33482156217676,170.5050653
17.327811092622444,170.547872
17.333523309027626,170.589957
17.32755145591409,170.6325223
17.333004035611115,170.6755731
17.329109345771478,170.7162074
17.348582864577033,170.7566779
17.34338992158846,170.7993289
17.342870648171854,170.8450417
17.357930134113595,170.8880145
17.35481442400658,170.9295381
17.35247755441667,170.9724312
17.358449477137867,171.0140368
17.352737191124923,171.0526569
17.351439007583554,171.0881353
17.37117216309736,171.1245007
17.37065288968085,171.1621547
17.368056383382683,171.2001325
17.381298412366448,171.2354508
17.37870190606828,171.2696402
17.3815580490747,171.3053608
17.3789616123842,171.3414861
17.38259666551558,171.3785793
17.39557898818333,171.4165597
17.397915857773242,171.4530905
17.39064568190301,171.4900233
17.40336843747017,171.5227627
17.394540441350216,171.5556669
17.40362807417852,171.5896171
17.411936796881868,171.6262281
17.40700349060145,171.6660685
17.39739651474897,171.708648
17.403887710886778,171.7522793
17.41868762972793,171.7975231
17.408301743750584,171.8422015
17.416870033554623,171.8847052
17.417649013287146,171.9283362
17.42959278912178,171.9738251
17.431150678979165,172.0209266
17.436083985259586,172.0681098
17.4371225320927,172.1160996
17.429073515705273,172.1644946
17.441276928248257,172.2110328
17.443354091522153,172.2553961
17.425957735990494,172.2990349
17.429333152413527,172.3418654
17.44543125479605,172.3805042
17.44153656495651,172.4166416
17.444133001647014,172.4514879
17.450624197784723,172.4867391
17.44153656495651,172.5252152
17.450104924368212,172.5661938
17.458413577463897,172.6066094
17.44361372823041,172.6466211
17.453220634475226,172.6883292
17.45503823064863,172.7297143
17.465683753334226,172.7718253
17.449845287659954,172.8141768
17.467501279899867,172.8568551
17.456596050898256,172.8990486
17.473473133013304,172.9409191
17.461529357178673,172.9802905
17.476329276019822,173.018209
17.46983807988202,173.0548389
17.473992406429915,173.0934836
17.47243458618019,173.1307589
17.458932920488163,173.1675492
17.472953859596796,173.2015974
17.489571235395925,173.2348397
17.4649047736017,173.2688077
17.461788993886927,173.3054405
17.467501279899867,173.34425
17.474511749454184,173.3818518
17.479185349418582,173.4209859
17.48359938228239,173.4591523
17.48749407212193,173.4992555
17.4926870151106,173.538391
17.479185349418582,173.5759924
17.4926870151106,173.6128714
17.48853268856281,173.6495054
17.49190810498584,173.6858998
17.498139594807625,173.7210027
17.501255374522305,173.7545713
17.48593618226464,173.7886284
17.497360684682764,173.8220359
17.489311598687575,173.8546399
17.50800620736836,173.8865969
17.50177464793891,173.9197654
17.49138876196157,173.9525295
17.495543158117123,173.983681
17.50696759092758,174.0145091
17.505929044094465,174.0449356
17.509823733934002,174.0749578
17.50385188082047,174.1067579
17.51891136676221,174.1384746
17.49995712137327,174.1706772
17.500216827689187,174.2022355
17.506188680802723,174.232742
17.515016676922677,174.2617165
17.49138876196157,174.2909341
17.509823733934002,174.3189408
17.494764178384596,174.3457391
17.502553627671436,174.3730179
17.516314930071808,174.3993311
17.523844673042632,174.4283881
17.515795656655204,174.4618858
17.5311147793052,174.4986105
17.521767509768733,174.5374371
17.53293230587084,174.5762616
17.527999069198188,174.6146845
17.542798918431675,174.6537527
17.53838495517553,174.6921765
17.53630772229387,174.7298723
17.54176037159856,174.7656315
17.551107641135022,174.7999395
17.560454910671588,174.8319868
17.56876363337503,174.8607267
17.55474269426631,174.8880907
17.580447772501408,174.9186065
17.568244359958427,174.9515427
17.559676000546727,174.9872261
17.580707409209662,175.0236329
17.561493527112365,175.0581056
17.55941636383847,175.0930616
17.573437302947095,175.1289084
17.58122668262627,175.1637842
17.585900352198337,175.2014047
17.598363401449575,175.2415297
17.602517797605135,175.2844022
17.604594960879126,175.3274345
17.609528267159444,175.3713551
17.601738817872604,175.4157622
17.612903683582473,175.4600888
17.598363401449575,175.505304
17.612903683582473,175.5479344
17.604594960879126,175.5898422
17.613163320290727,175.6294053
17.62354920626807,175.6671958
17.6162791000055,175.7032893
17.616798373422107,175.7378475
17.63185785936385,175.7720849
17.639906945358945,175.8072916
17.627184259399453,175.8420155
17.636791165644173,175.8764943
17.644580614931012,175.912833
17.627443896107707,175.951836
17.64717705162151,175.9956869
17.658861190747988,176.0426046
17.653927884467574,176.090573
17.638868398525833,176.138785
17.638349055501557,176.1855455
17.659640170480515,176.2297209
17.650292831336287,176.2707468
17.665612023593948,176.3133874
17.673401403273125,176.3575646
17.66483311346919,176.4036831
17.669766350141842,176.4501209
17.671583876707484,176.4985813
17.684566268982994,176.5466374
17.684046995566487,176.5922728
17.68820132211428,176.6354036
17.69339426510295,176.6778898
17.683008379125607,176.7173854
17.6850855423996,176.7545408
17.683527652542214,176.7914564
17.6850855423996,176.8286127
17.672362856440014,176.8656074
17.68975921197167,176.9032478
17.68949957526341,176.9415366
17.693134628394695,176.9816834
17.697288954942586,177.0232049
17.720916869903697,177.0649673
17.720397596487086,177.1081854
17.70585731435419,177.1519712
17.712867783908504,177.1940592
17.706116951062544,177.2342092
17.70923273077722,177.27541
17.703780151080295,177.318307
17.716502837039883,177.3627409
17.718320363605525,177.4066895
17.71182923707539,177.4501553
17.722994033177592,177.4928953
17.737014972286218,177.5332893
17.735716719137184,177.5717477
17.7572674708243,177.6100445
17.72974486602365,177.6489061
17.738053588727,177.6865584
17.743765805132274,177.7247756
17.72013789017117,177.7642867
17.725071196451488,177.8026641
17.737793952018745,177.8394297
17.725590539475757,177.874092
17.733899192571442,177.9060891
17.737534245702825,177.935826
17.732341302714154,177.9625709
17.731043119172686,177.988106
17.724811559743234,178.0157399
17.74168864185838,178.0434577
17.73363955586319,178.0738414
17.731043119172686,178.106648
17.746362311430442,178.1417993
17.752853437960486,178.1789712
17.732601009030073,178.2180018
17.749218384829206,178.2563873
17.734158898887458,178.2917023
17.750516637978336,178.3245922
17.742727188691497,178.3538469
17.747660494971818,178.3814865
17.752334164543978,178.4067792
17.75804638094916,178.4319128
17.741948278566635,178.4553502
17.743765805132274,178.4742607
17.739092135560117,178.4922827
17.74350616842402,178.510872
17.751295548103098,178.5303473
17.752334164543978,178.5514409
17.749218384829206,178.5744767
17.741948278566635,178.5992874
17.738572862143606,178.6240983
17.73935184187613,178.6470509
17.731043119172686,178.6675806
17.73883249885186,178.6851174
17.741169368441774,178.7020114
17.752074527835624,178.7171253
17.749997364561732,178.7336115
17.751295548103098,178.7547874
17.75415169110962,178.7794402
17.75415169110962,178.8076481
17.74947802153746,178.8390062
17.752334164543978,178.8752164
17.762720050521317,178.915309
17.75467096452613,178.9549132
17.76947088336728,178.9906411
17.7551903075504,179.024427
17.7723270263738,179.0553036
17.775442736480816,179.0830304
17.765056850503473,179.11019
17.787905855339815,179.1372689
17.77024979349214,179.1623271
17.783232185767655,179.1858482
17.78427073260077,179.2087265
17.790502292030222,179.2328153
17.78946367558944,179.2613488
17.793358435036744,179.2944918
17.79958992485853,179.3291725
17.79491632489413,179.3618299
17.79309879832839,179.395136
17.79102156544683,179.4290099
17.79309879832839,179.4611846
17.797512761584535,179.4935218
17.793618071744998,179.5260998
17.811274063984907,179.5587619
17.797512761584535,179.5945749
17.818544170247478,179.6324905
17.81049515386005,179.6729142
17.805821484287982,179.712852
17.793877708453252,179.7510933
17.805561847579725,179.7888514
17.822958203111384,179.8245859
17.815428390532798,179.8602425
17.815947733557067,179.8971911
17.822958203111384,179.9343834
17.811274063984907,179.9714951
17.806081120996236,180.0056967
17.81413020699143,180.0372313
17.83438263592175,180.0654503
17.836200162487486,180.0917292
17.827372166367436,180.1169571
17.8278915093917,180.1404041
17.820102060104865,180.1609434
17.817765260122712,180.1802694
17.822179223378857,180.1978145
17.828930056224817,180.2147137
17.838017689053125,180.2330698
17.834901978946018,180.2525583
17.817505623414363,180.2728551
17.818544170247478,180.2936358
17.82243886008711,180.3149841
17.837498415636517,180.334957
17.83905630549391,180.3559813
17.84217208520868,180.3824247
17.848403575030467,180.4128279
17.832565109356104,180.4470342
17.838537032077298,180.483022
17.837238778928263,180.520059
17.852298334477673,180.5575018
17.855933387608957,180.5956721
17.85203869776942,180.6373999
17.846326411756472,180.6775119
17.858789461007717,180.7137429
17.863203493871623,180.7486011
17.855933387608957,180.7805458
17.8624245141391,180.8082038
17.867877163443687,180.8345698
17.88059984940318,180.8636041
17.863982403996385,180.8957933
17.87878232283754,180.9295209
17.883455992409697,180.9633272
17.892283988529655,180.9993208
17.901371621357868,181.0351499
17.884754175951073,181.0685546
17.884494539242816,181.1008269
17.90500667448915,181.1309963
17.893582172071024,181.1598711
17.87826304942103,181.1872106
17.880859486111532,181.2129309
17.895919041660942,181.2363076
17.90344878463186,181.2617878
17.89643831507755,181.2904204
17.891764645505386,181.3236655
17.9073434744714,181.3601471
17.888129592374103,181.3994598
17.91097859721035,181.4399058
17.908641727620534,181.4816446
17.9073434744714,181.5264608
17.908641727620534,181.5724889
17.916171470591355,181.6177904
17.908382090912177,181.6623651
17.91071889089443,181.7057238
17.919806593330303,181.7471443
17.91850834018127,181.7854099
17.94447305512462,181.8227864
17.941616912118103,181.8594359
17.928115246426085,181.8947095
17.92603808315209,181.9292534
17.92032586674691,181.9571674
17.93616433242118,181.9803061
17.94655021839852,182.0032828
17.95382032466109,182.0300616
17.947848471547655,182.0618596
17.946290581690267,182.0949504
17.964206210638434,182.1275549
17.949406361404947,182.1616984
17.949665998113296,182.1971376
17.95901326764976,182.2330612
17.95330105124458,182.268988
17.96810090047797,182.3068542
17.961350137239673,182.3452887
17.96576410049582,182.3844513
17.96862024350224,182.4233709
17.9860165990339,182.4603518
17.97692896620569,182.4961973
17.980823656045228,182.5336632
17.99588314198697,182.57226
17.992767431879958,182.6104571
17.998220011576887,182.6492171
17.991988452147435,182.6904876
18.003412954565555,182.733944
18.008086624137718,182.7786939
18.013539203834643,182.8228818
18.015616367108542,182.8660966
18.004191864690416,182.9098773
18.01068306082812,182.9547135
18.040282828902765,183.0018143
18.036388139063227,183.0483506
18.025742616377627,183.095047
18.0356091593307,183.1410977
18.034570612497586,183.1869083
18.03586886564662,183.2325572
18.049889804755246,183.278691
18.04911082502272,183.3230454
18.04625475162396,183.3646465
18.039763555486253,183.4019602
18.055082747743917,183.4388713
18.049370461731073,183.4773979
18.05352485788653,183.5177079
18.053784494594886,183.5595577
18.068584343828274,183.6020546
18.063910743863868,183.645683
18.061573874273957,183.6900426
18.079489572829885,183.7301928
18.075075539966075,183.7684821
18.10519465106499,183.8059629
18.091433348664616,183.8429572
18.07819131968085,183.878415
18.093250875230257,183.9138732
18.09065436893209,183.9503032
18.084422879110303,183.9899697
18.099222728343793,184.0333625
18.09740520177815,184.0790235
18.10415603462411,184.126628
18.117398063607972,184.1754454
18.10311741818333,184.2237793
18.10753145104714,184.2708203
18.114282283893203,184.3165632
18.138169835562564,184.3597981
18.128303223001826,184.4028713
18.1228506433049,184.4474849
18.14128554566967,184.4920991
18.140766272253064,184.5356611
18.132457549549716,184.5767936
18.133755802698754,184.618411
18.13920838239568,184.6610844
18.15296968479605,184.7031088
18.135832965972746,184.745621
18.147517105099126,184.7891865
18.144141688676097,184.8307282
18.146478488658342,184.8683811
18.13868910897917,184.9062808
18.16205731762436,184.9467684
18.161278407499495,184.9903367
18.166990623904674,185.0351208
18.162836297356886,185.0833052
18.158162627784723,185.1327057
18.166990623904674,185.1826726
18.16828887705381,185.2276219
18.17685723646551,185.2688444
18.177116873173766,185.3073146
18.184906322460602,185.3444073
18.181011563013307,185.382716
18.18075192630505,185.4226439
18.173481820042483,185.4636253
18.190099265449277,185.50631
18.18360806931147,185.5477798
18.192176428723172,185.5871439
18.21320783738611,185.6267495
18.20230267799226,185.6697612
18.20230267799226,185.7160926
18.212948200677854,185.762828
18.217362163934006,185.8084325
18.20230267799226,185.8529845
18.236056772614695,185.8964026
18.21658325380914,185.9369867
18.223074449946946,185.976112
18.220218306940428,186.0132125
18.23268135619167,186.0464255
18.237874299180337,186.0794764
18.237095389055572,186.1126901
18.218141143666532,186.1460665
18.242807605460758,186.179687
18.231902446066904,186.2119297
18.24826018515768,186.2454669
18.225670886637356,186.2793322
18.2425479687525,186.3111697
18.24202862572823,186.3422791
18.24410585860989,186.3732291
18.246961932008645,186.406527
18.255270654711993,186.4417696
18.256309271152872,186.477175
18.261502214141547,186.5137127
18.267733703963238,186.5548706
18.249818075015067,186.5996766
18.267993340671584,186.6464277
18.281235369655352,186.6906664
18.29110198221609,186.7333647
18.28461078607838,186.7749316
18.284351149370124,186.8129325
18.276302063374935,186.8488294
18.264358287540304,186.8844019
18.294996672055728,186.9191622
18.286947586060528,186.9527908
18.27526351654182,186.9869046
18.290582639191914,187.0197214
18.292140529049203,187.0531886
18.29941070491953,187.0898169
18.29759317835389,187.1276589
18.295775582180585,187.1659077
18.30564219474132,187.2061016
18.300189615044395,187.2484033
18.317066697159444,187.2932191
18.3173263338677,187.3382766
18.305382558033063,187.3821212
18.309796590896877,187.4240189
18.32148066041559,187.4632436
18.332645526125457,187.5018215
18.312912301003887,187.5405623
18.328491129969905,187.5792196
18.33082799955982,187.6199876
18.326933240112517,187.6624573
18.32433680342201,187.7054937
18.320701750290727,187.7457757
18.32875076667816,187.7834657
18.324077166713753,187.8207497
18.33887701594725,187.8590881
18.35237868163927,187.9001007
18.34069454251289,187.942249
18.336540215964998,187.9856143
18.343550685519308,188.0263875
18.343550685519308,188.0617292
18.35705235121143,188.0929369
18.351859408222754,188.1230098
18.352119044931012,188.1529204
18.35783126133629,188.1815362
18.3557540980623,188.207638
18.33887701594725,188.2319572
18.34588748550156,188.2578155
18.364841730890603,188.2830265
18.35705235121143,188.3096169
18.359648787901932,188.3377464
18.35601373477065,188.3692819
18.36743823718877,188.4047873
18.354715481621515,188.4434578
18.365101367598857,188.4822913
18.373929433326474,188.519906
18.37652587001698,188.5550119
18.3840556129879,188.5896279
18.383536339571293,188.6237591
18.398855531829053,188.657972
18.389767899000752,188.6938897
18.39158542556639,188.7297239
18.403788838109374,188.7645883
18.40690461782415,188.7997755
18.398595895120703,188.8343941
18.395999388822535,188.8693409
18.408202801365515,188.9058274
18.417550140509746,188.9437723
18.401971311543733,188.9805035
18.40586600138337,189.0186118
18.421704467057637,189.0580187
18.406644911508135,189.0962093
18.417550140509746,189.135292
18.419367667075388,189.1773753
18.43131144291012,189.2203535
18.439360459297546,189.2655195
18.442476239012326,189.3119843
18.434946496041402,189.3618567
18.448967435150028,189.4118085
18.4481884554175,189.4586007
18.45312176169792,189.5032009
18.46324801096691,189.5490214
18.472335643795216,189.5942733
18.460651574276405,189.6388781
18.454420014846953,189.6818598
18.473114623527742,189.7228172
18.483240872796735,189.7617449
18.475711060218252,189.8009984
18.479346113349532,189.8405776
18.48947236261852,189.8806425
18.490251342351048,189.9212772
18.5032336650189,189.9645881
18.48583730948724,190.0092793
18.500637228328394,190.055267
18.477268950075537,190.098905
18.50089686503674,190.1453006
18.48505839936238,190.1912903
18.498559995446833,190.2357407
18.492847779041554,190.2776786
18.519072130693164,190.3180743
18.505570465001142,190.3609838
18.520110747133945,190.4045446
18.522187910407936,190.4486727
18.517254604127523,190.4926414
18.5123212978471,190.5354719
18.51751424083578,190.5756296
18.507128354858434,190.6109182
18.50167577516151,190.6433656
18.511542387722344,190.6737065
18.523745800265324,190.704129
18.521149293967152,190.7368241
18.507907334591057,190.7708156
18.515956350978485,190.8068357
18.506609081441923,190.8429403
18.51206166113885,190.879368
18.536987829249092,190.917903
18.528938743254,190.9609047
18.526082600247477,191.0056072
18.54192106592175,191.0508825
18.54166142921349,191.0951821
18.54114215579698,191.1372913
18.529198379962256,191.1772911
18.54841226205955,191.2148589
18.536208849516566,191.2489369
18.547633351934685,191.2842329
18.542440408946018,191.3226128
18.555942074638136,191.362699
18.554643821489,191.4055413
18.574117340294553,191.4502527
18.561135017626807,191.4965866
18.580348899724108,191.5440576
18.57333843016979,191.5910411
18.569443670722492,191.6365661
18.560615674602534,191.6779527
18.558538511328543,191.7158519
18.565289344174598,191.7520454
18.580348899724108,191.7862919
18.581647083265473,191.8226489
18.58476286298015,191.8622532
18.574117340294553,191.9044538
18.57723312000933,191.9494137
18.582685699706254,191.9938886
18.575934866860198,192.0328467
18.58787864269493,192.0676631
18.577492756717586,192.1006163
18.58294533641451,192.1320263
18.585022499688506,192.1640035
18.612804741197408,192.1995538
18.586840026254144,192.2368894
18.601380308387046,192.2734931
18.595148748957495,192.3095329
18.585022499688506,192.3433784
18.583464609831115,192.3733312
18.59592772869002,192.3994673
18.591513695826208,192.4249525
18.605794271643095,192.4527954
18.59644700210663,192.4807987
18.598004891964017,192.5096161
18.589955805968824,192.5389193
18.603717108369196,192.568383
18.593590859100107,192.5977682
18.612285467780897,192.6288602
18.595148748957495,192.6627905
18.601380308387046,192.6996432
18.60994866779865,192.7360921
18.620853827192597,192.7719743
18.615141610787322,192.8098837
18.61695913735296,192.8498259
18.62033455377599,192.8889545
18.614102994346542,192.9258098
18.612804741197408,192.9608015
18.61566088420393,192.9948167
18.60553463493484,193.0281837
18.614102994346542,193.0603328
18.639029092849018,193.0895597
18.632537966318978,193.1172457
18.633057239735585,193.1456618
18.643702762421178,193.1765936
18.633057239735585,193.2097998
18.63617301945026,193.2454431
18.630720439753336,193.2823839
18.647857158576734,193.3192465
18.640327345998152,193.3525356
18.626306406889523,193.382658
18.641106325730675,193.4123764
18.64889570540985,193.4395766
18.645520288986823,193.4633658
18.64422203583769,193.4884552
18.65486762813105,193.515656
18.653829011690267,193.5448085
18.668888567239673,193.576637
18.65616581167242,193.6108217
18.672263983662702,193.6460624
18.672263983662702,193.6816291
18.662397371101868,193.7198751
18.673821873520094,193.7584471
18.673562167204075,193.7953152
18.69069888602748,193.8329111
18.681870889907525,193.8730289
18.688621722753485,193.9133074
18.67719722033536,193.9510675
18.686544559479582,193.985096
18.682130526615776,194.0153058
18.687842812628716,194.0427555
18.696670808748674,194.0715843
18.692776049301372,194.1019578
18.696670808748674,194.1307084
18.686284922771332,194.1582378
18.67252362037096,194.1848771
18.677976200067885,194.2109466
18.68576557974706,194.2363675
18.687063832896193,194.2608141
18.676158673502243,194.2839607
18.693555029033902,194.3054842
18.694593645474683,194.328631
18.69926724543908,194.3551062
18.699526882147435,194.3858896
18.711990001006335,194.4212203
18.699526882147435,194.4602053
18.704719825136102,194.4983004
18.705758441576886,194.5331437
18.70783560485078,194.5666083
18.71017240483303,194.599343
18.71250927442294,194.6331313
18.710951384565558,194.6677345
18.720558290810374,194.701282
18.71121102127381,194.7310099
18.699786588463354,194.7579798
18.707575968142528,194.781453
18.723154797108542,194.8019237
18.718740764244732,194.8233692
18.722635523691935,194.8494439
18.726010940114964,194.8773895
18.72704948694808,194.9053325
18.734838936234922,194.9346579
18.741070426056705,194.968857
18.73328104637753,195.0086633
18.74496518550401,195.0510685
18.748080895611018,195.0974547
18.753533544915708,195.1439231
18.750417765200936,195.1883611
18.757687871463503,195.2305243
18.752235291766574,195.2707384
18.761063287886532,195.3098995
18.762361541035666,195.348651
18.771449173863875,195.3890295
18.762361541035666,195.4313583
18.77794037000168,195.4733645
18.781835059841214,195.5173183
18.798192798932092,195.5642816
18.797673525515485,195.6109197
18.793778835675948,195.6593454
18.791961309110302,195.707283
18.805722611510582,195.7518104
18.798192798932092,195.7952819
18.816887407612782,195.8389984
18.80182785206338,195.8801952
18.811694464624114,195.924562
18.83454339985269,195.9695812
18.827013656881874,196.0168744
18.816887407612782,196.0643312
18.845448628854307,196.1112211
18.822599624018064,196.1566477
18.829869799888293,196.2007739
18.829869799888293,196.2445774
18.82857154673926,196.2861869
18.830648710013158,196.3260069
18.829869799888293,196.3620925
18.832985509995307,196.3971192
18.84337139597265,196.4319045
18.844929285830037,196.4663615
18.84648717568743,196.5033424
18.851680118676096,196.5419481
18.854795898390872,196.5815296
18.852459098408623,196.622573
18.847266155419955,196.6652441
18.867778221058618,196.7083206
18.877125560202845,196.7528619
18.874269417196427,196.7980531
18.86725894764211,196.8448723
18.878164107035964,196.892423
18.877644833619453,196.9397298
18.88050097662588,196.9861435
18.8859535563228,197.0303654
18.871413343797666,197.0755606
18.879981633601606,197.1195365
18.903869185271066,197.1644096
18.896339442300146,197.2076559
18.894002642317993,197.2511472
18.907763875110607,197.292039
18.900493768848037,197.3285404
18.888290356305053,197.3616267
18.884655303173766,197.3923577
18.88543428290629,197.4223553
18.895820168883635,197.4516222
18.899974495431433,197.4815389
18.89348329929372,197.5140589
18.888290356305053,197.5445468
18.890367519578948,197.5728393
18.895041189151108,197.6004827
18.88699210315592,197.6286942
18.899974495431433,197.6584522
18.9051674384201,197.6885338
18.915034050980935,197.7217055
18.912177907974414,197.7580488
18.90854285484313,197.7984578
18.91711121425483,197.8413078
18.91866910411222,197.887164
18.907763875110607,197.9302597
18.915553324397447,197.9664423
18.921525177510976,197.9976655
18.92853564706529,198.0279949
18.933988296369883,198.056781
18.938402259626024,198.0859722
18.946970619037725,198.1189034
18.942556655781583,198.1559035
18.94203731275731,198.1955838
18.95060567216901,198.2402274
18.958135484747597,198.2906446
18.95553897844943,198.342041
18.958135484747597,198.3950609
18.96644413784328,198.4451571
18.956058251865937,198.4920793
18.971377444123696,198.5370533
18.976310750404114,198.5784481
18.97553184027925,198.6186229
18.998380775507837,198.6583932
19.000457938781732,198.7010101
18.997342159067053,198.7450084
18.988773799655355,198.7880342
18.999419322340948,198.8291876
18.999678959049202,198.8705862
19.010584188050817,198.913369
19.00954557161004,198.9559893
19.017075384188526,198.9956823
19.019931457587287,199.0344787
19.00487190203787,199.0736044
19.03810679285147,199.1131358
19.025384037284304,199.1541303
19.023566510718663,199.1968353
19.041741845982845,199.2388885
19.051608388935918,199.2812684
19.042001482691102,199.3256826
19.04304009913188,199.3705868
19.04537689911413,199.4148391
19.034471739720182,199.4541327
19.060696091371792,199.4912271
19.06562939765221,199.5272643
19.07731346717092,199.564849
19.067706560926105,199.6041418
19.050569842102806,199.6444927
19.07679419375441,199.6861466
19.06511005462794,199.7305664
19.07238016089051,199.7775919
19.091853749303823,199.8243733
19.075755577313537,199.8700948
19.084323936725237,199.9159829
19.093411639161207,199.9625216
19.093671275869465,200.009061
19.112885157966762,200.0537301
19.087699353148267,200.0978287
19.112625521258508,200.1418491
19.107432578269837,200.1864384
19.111586904817628,200.2312732
19.11652021109805,200.2746427
19.10976937825199,200.3184207
19.126906097075388,200.3611387
19.13106042362328,200.4032099
19.123011407235854,200.4459318
19.153649722143605,200.4868618
19.145600705756173,200.5259238
19.148456779154937,200.5649836
19.140927036184017,200.6053468
19.143263836166266,200.6467684
19.13729198305273,200.6893303
19.144042815898793,200.7317296
19.14378317919044,200.7742926
19.162997061287736,200.8167746
19.161958444846952,200.8592572
19.15572695502517,200.8988107
19.168190004276408,200.9369801
19.15261117531039,200.9758029
19.16896891440127,201.0142181
19.178835526962004,201.0533682
19.173642583973436,201.0942244
19.179874073795123,201.1374425
19.169747894133796,201.1822906
19.191038939504992,201.2276263
19.182989853509895,201.2722309
19.1894810496477,201.316594
19.195452902761133,201.3637218
19.202982715339722,201.412235
19.18324949021815,201.4612387
19.19493362934463,201.5099167
19.20064584574981,201.5581057
19.22167732402051,201.6056451
19.205319515321968,201.6529404
19.206617768471006,201.7015397
19.201424825482334,201.7480229
19.22557201386005,201.7926348
19.22557201386005,201.8354569
19.21778256457321,201.8769762
19.208954568453255,201.9134486
19.206877405179352,201.9469908
19.211810711459677,201.9773578
19.22219659743702,202.0061796
19.21778256457321,202.0345118
19.221417617704493,202.065775
19.23362103024748,202.101191
19.22245623414527,202.1400252
19.22557201386005,202.1786994
19.238554336527898,202.2167236
19.230245613824447,202.2571077
19.245305169373857,202.2968419
19.249719202237763,202.3377141
19.26867344762671,202.3829874
19.233361393539223,202.4304575
19.24063149980179,202.4779284
19.240371863093536,202.5227954
19.234919283396614,202.5648925
19.2364771732539,202.6043856
19.23985258967693,202.6422516
19.253873528785558,202.6797098
19.258806835065975,202.7169235
19.25257527563652,202.7551964
19.27178915773382,202.7922477
19.274904937448497,202.8288122
19.27412602732373,202.8654588
19.27334704759111,202.9029197
19.265557667912027,202.9396488
19.275943553889373,202.9774371
19.285290823425843,203.014981
19.277241807038408,203.051872
19.29022412970626,203.0877889
19.286848713283227,203.1223207
19.29385918283754,203.1544085
19.28658907657497,203.1848687
19.29957139924272,203.2132115
19.28581016645011,203.2386227
19.29385918283754,203.2659886
19.291262746147037,203.2944954
19.29957139924272,203.3227575
19.299831105558734,203.3497975
19.297494235968827,203.3762687
19.29463816257007,203.4035542
19.288925876557123,203.4320622
19.31359240795911,203.4625251
19.305283685255663,203.496002
19.315409934524755,203.5294793
19.32553611418608,203.5672746
19.316188844649616,203.6079181
19.318525644631766,203.6522321
19.324757204061218,203.6944258
19.335402726746914,203.7323049
19.32683436733521,203.7659452
19.30684157511305,203.7946198
19.31644848135787,203.8175118
19.32371858762044,203.8394238
19.312553791518233,203.8609302
19.322420404079068,203.884065
19.318785350947778,203.9080957
19.332806290056414,203.9345716
19.33202731032388,203.9621886
19.329690510341635,203.9908623
19.334623816622052,204.0213305
19.328651893900858,204.0528583
19.329430873633378,204.0848765
19.348644755730678,204.1195008
19.33644134318769,204.1557538
19.340076396318974,204.1955117
19.350202645588066,204.236245
19.346307886140764,204.2786126
19.360069188541136,204.3207329
19.34812541270641,204.3608169
19.34085530644384,204.3967487
19.35773238855889,204.431213
19.352539445570216,204.4638042
19.342153559592873,204.4954997
19.354097335427603,204.5289057
19.357992025267144,204.5605175
19.34786577599815,204.5917265
19.355135951868384,204.6264354
19.355655225284995,204.6611473
19.3561744987015,204.6961864
19.35877100499967,204.7326911
19.36889718466109,204.7714758
19.36240605813105,204.8113231
19.3668200213871,204.8531264
19.382658487061462,204.8981877
19.394602262896097,204.9455347
19.393304079354728,204.9931248
19.38317783008564,205.0416934
19.406286402022573,205.0896091
19.390707573056556,205.1366321
19.400574185617295,205.1841434
19.397198769194265,205.2309227
19.41251796145202,205.2761527
19.43043359040019,205.318289
19.417710904440696,205.3583856
19.419788067714595,205.398973
19.412777598160275,205.4402965
19.41459512472592,205.4821053
19.43225111696583,205.5226943
19.42705817397726,205.5631204
19.43666514982974,205.6055057
19.432510753674183,205.6525336
19.45743692178433,205.7004612
19.446012419366202,205.7489589
19.453542162337126,205.7976209
19.462370158457084,205.8432676
19.46133161162397,205.8873676
19.466524554612636,205.9295093
19.45717721546841,205.9674966
19.450166745914096,206.0027926
19.458735105325793,206.0360511
19.475092914024334,206.0699637
19.459514085058323,206.1060755
19.47431393429181,206.1455309
19.46938062801139,206.1859649
19.47015960774392,206.2281923
19.48495945697741,206.2727063
19.4758718241491,206.3197441
19.491450653115116,206.3693112
19.465485938171756,206.4200208
19.480805130429513,206.468693
19.496903232812045,206.5150852
19.49638395939553,206.559764
19.501057628967594,206.6037077
19.502355812509066,206.6433327
19.506769845372872,206.680432
19.514559225052054,206.7172838
19.513780314927185,206.754057
19.52468547432104,206.794011
19.521829400922282,206.8377944
19.532215286899625,206.8823169
19.545457246275724,206.9267556
19.53585034003091,206.9698895
19.53662925015577,207.0128631
19.5314363071671,207.0555103
19.53455208688187,207.0996244
19.523646927487924,207.141049
19.54493797285912,207.1800293
19.54338008300183,207.2186013
19.55947818538435,207.2566831
19.545197609567467,207.2942775
19.55350633227082,207.3285307
19.563892218248164,207.3628633
19.54389935641834,207.3994805
19.55402560568742,207.4387065
19.54961164243128,207.4811959
19.561036075241738,207.5248279
19.55532385883646,207.5693574
19.550650189264395,207.6154385
19.550909825972653,207.6615176
19.569604434653442,207.7063761
19.564411491664767,207.7495232
19.574278104225503,207.7934016
19.57791315735679,207.8358166
19.575835994082894,207.8784749
19.594790239471934,207.9181949
19.58829904333413,207.9565332
19.591414823048908,207.9938905
19.582846463637207,208.0318181
19.578432430773393,208.0703186
19.596088492620968,208.1105345
19.58024995733904,208.1513207
19.5955691495967,208.1913712
19.597906019186613,208.2303645
19.59660776603758,208.2678068
19.611407615270966,208.3033738
19.619975974682667,208.3372261
19.61530237471827,208.370021
19.621533864540055,208.4032224
19.610628705146205,208.4393634
19.623091754397446,208.4759112
19.625168917671342,208.5133564
19.61530237471827,208.5525145
19.625168917671342,208.5901242
19.619197064557806,208.6256948
19.63243902393391,208.6584926
19.63477589352382,208.689412
19.638151309946853,208.7225377
19.64490214279291,208.7589251
19.65295115918034,208.7960464
19.648277559215938,208.8327619
19.644382799768643,208.8714357
19.655028392062,208.9110891
19.627505787261256,208.9496821
19.64100738334561,208.9872147
19.645161779501162,209.0240142
19.649316106049056,209.0604051
19.663596681865933,209.0951655
19.645421416209416,209.1290263
19.657884465460757,209.1628084
19.662038861616313,209.1940599
19.670866857736268,209.2238445
19.65476868574598,209.2528111
19.671126494444525,209.2819444
19.67735798426631,209.3108298
19.672944021010164,209.3420828
19.67008787800374,209.3788864
19.685147433553148,209.4210771
19.675280820992413,209.4653059
19.678656237415346,209.5106781
19.680733400689334,209.5552354
19.668270351438103,209.600448
19.68566670696966,209.6432936
19.696312229655355,209.6827929
19.68852284997618,209.7217199
19.688263213267923,209.7612202
19.698129756220997,209.8015393
19.694754339797964,209.8428355
19.693456156256598,209.8865
19.688782486684435,209.9278792
19.70436131565045,209.9654234
19.706178842216087,209.9991325
19.71344894847866,210.0356982
19.702543789084807,210.0743867
19.71344894847866,210.1134849
19.707736732073478,210.1501311
19.719940144616466,210.1865376
19.709294621930862,210.2222051
19.717084001609937,210.255265
19.72850850402816,210.2890591
19.717343638318294,210.3228508
19.738375116588898,210.3562363
19.72435417748027,210.3882363
19.734220720433342,210.4223564
19.732143557159446,210.458927
19.764080125216243,210.4972142
19.7430487165533,210.5363967
19.75213641898927,210.5750913
19.749020639274494,210.610032
19.745125879827196,210.6395816
19.751357439256743,210.6666048
19.763301215091378,210.6941167
19.781216844039644,210.7238307
19.7687537947884,210.7568958
19.780437933914783,210.7924088
19.767195904931008,210.8309428
19.773427464360463,210.8730683
19.77836077064088,210.918709
19.778620407349138,210.9642657
19.791083456600376,211.0096593
19.78277473389703,211.0556267
19.77991866049827,211.1006123
19.78822731359395,211.1417644
19.78511160348694,211.1791592
19.778620407349138,211.2123901
19.781995823772167,211.2432552
19.8025079590185,211.2745272
19.79523778314827,211.3036791
19.784072987046063,211.3307871
19.780957207331387,211.3584685
19.80640264885814,211.3862292
19.788746656618226,211.4123609
19.804585122292494,211.440204
19.791602730016987,211.4712351
19.791083456600376,211.5047146
19.800171089428687,211.5371328
19.812114865263315,211.5693057
19.809258722256896,211.6022158
19.80172897928597,211.6378201
19.802248252702583,211.6765255
19.80640264885814,211.7148273
19.81003770198942,211.7510034
19.808739448840292,211.7856295
19.800171089428687,211.8195218
19.8217218411158,211.8544735
19.82094286138327,211.8926137
19.8110763184302,211.9335277
19.82094286138327,211.9764048
19.82457791451456,212.0205081
19.824318277806302,212.065835
19.83730067008181,212.1097758
19.812634138679922,212.1489782
19.830290200527497,212.1818944
19.84015674348057,212.2106451
19.818346424692766,212.236617
19.826914784104467,212.2625919
19.829511220794977,212.2906882
19.836521690349286,212.3209905
19.831848090384884,212.3539084
19.814971008269836,212.386824
19.818865698109374,212.418353
19.80380614255997,212.4448181
19.823020024657268,212.4680973
19.830030494211577,212.4893347
19.83730067008181,212.5106541
19.82821296764594,212.5358149
19.83730067008181,212.5642412
19.834963800491895,212.596015
19.83781994349842,212.6321219
19.838598853623186,212.6700258
19.840676086504843,212.7075206
19.85132160919044,212.7443605
19.86196713187604,212.7803872
19.85885135216136,212.8172307
19.8409357232131,212.8527668
19.848725102892274,212.8859332
19.854177682589196,212.9172215
19.84976371933305,212.9473687
19.856254915470856,212.9766151
19.871054764704343,213.0062714
19.87287229126998,213.0360071
19.87702668742554,213.066808
19.881700287389943,213.0974454
19.892086173367286,213.1307783
19.88507570381297,213.1625605
19.892605516391555,213.1949956
19.896759842939346,213.2250608
19.888710756944256,213.2532502
19.900135259362376,213.2792307
19.908963255482334,213.3050503
19.892086173367286,213.3325851
19.915194814911786,213.3623239
19.90221242263628,213.394518
19.911300055464583,213.4287524
19.90870361877408,213.46503
19.91545445162014,213.5050685
19.928177137579635,213.546088
19.928436774287885,213.5869413
19.931812190710914,213.627798
19.939342003289507,213.6684093
19.92064739460881,213.7078769
19.935447243842205,213.7444034
19.932331464127525,213.7795429
19.937264770407843,213.8142732
19.926878884430497,213.8518634
19.929735027437022,213.8891263
19.93648586028308,213.9216508
19.940120913414358,213.9523784
19.944015603253902,213.9856383
19.940380550122615,214.0187374
19.91882986804317,214.0493021
19.941159529855145,214.0779851
19.931292917294403,214.1052015
19.934927970425694,214.1312709
19.9414191665634,214.1548084
19.940380550122615,214.1801435
19.941938439980007,214.2101361
19.931812190710914,214.2430736
19.95569974238038,214.2769102
19.961152322077304,214.3114
19.957517268946017,214.3475238
19.964008465083726,214.3838938
19.967383881506755,214.4192043
19.967124244798498,214.4523872
19.971278571346296,214.4845077
19.968422428339867,214.518101
19.972317187787173,214.5529212
19.968422428339867,214.5879058
19.98737667372892,214.6204375
19.986597763604056,214.6503523
19.98737667372892,214.6772458
19.986597763604056,214.7017681
19.99542575972401,214.7281703
19.989973180027086,214.7580042
19.995945033140615,214.7921741
19.996204669848872,214.8305109
20.009446698832637,214.8712196
19.996983649581395,214.9132376
20.001397612837536,214.95689
19.99828190273043,215.000707
20.00996597224924,215.0454235
20.01593789497044,215.0898127
20.004253755843962,215.1364923
20.00892742541613,215.1849732
20.00918706212438,215.2314902
19.999580086271898,215.273349
19.998801176147037,215.3121015
19.996724012873138,215.3475016
20.00633091911786,215.3791421
20.004253755843962,215.4055499
20.010225608957498,215.428605
20.00217659257007,215.4506793
20.0252851645069,215.4728384
20.026323780947784,215.4976101
20.015418551946173,215.5250819
20.027102691072546,215.555989
20.04475868331246,215.5895117
20.01593789497044,215.6265491
20.0333342505021,215.6672681
20.0380078504665,215.7102778
20.034113160626855,215.7538592
20.042681520038563,215.7992422
20.05877962242109,215.8445411
20.077733867810128,215.8890235
20.053067406015902,215.9317902
20.068905871690173,215.9721059
20.065790091975398,216.0081666
20.078253210834397,216.0430852
20.06319365528499,216.0772663
20.066049798291417,216.10957
20.079291757667512,216.1381896
20.072281288113203,216.1671403
20.081628627257427,216.1975617
20.071502377988338,216.2303559
20.080070737400042,216.2678928
20.08110928423316,216.3090273
20.088379390495724,216.3513923
20.0868215702461,216.3968632
20.09772672963995,216.4431547
20.091754806918757,216.4879736
20.1107090523078,216.5340177
20.10162141947959,216.5796552
20.109410868766428,216.6255394
20.120316028160282,216.6688081
20.121094938285143,216.7100298
20.126028244565553,216.7500273
20.12706686100634,216.7885518
20.12057566486853,216.8267514
20.14524212666276,216.8657662
20.123172171166704,216.9081388
20.140308820382437,216.952144
20.136673767251157,216.9952531
20.120316028160282,217.0391803
20.13174046097074,217.0805709
20.14394394312139,217.1199989
20.119796754743774,217.1600016
20.134596603977165,217.2009864
20.14991579623492,217.2395984
20.15614735566437,217.27502
20.138751000132714,217.3072512
20.14524212666276,217.3395675
20.147838632961022,217.3707357
20.151473686092306,217.4027245
20.151733322800563,217.4392936
20.16575426190919,217.4779086
20.166533241641716,217.519715
20.15588764934845,217.5629932
20.17094720489786,217.6049649
20.181333090875206,217.6431716
20.18185236429171,217.6839165
20.17536123776167,217.7250722
20.168350768207358,217.7648364
20.189641813578554,217.8009996
20.18003483772607,217.8338104
20.190940066727684,217.8671931
20.193276866709933,217.9018861
20.192238250269057,217.9386251
20.2026241362464,217.9774102
20.198989083115116,218.0202872
20.206259189377686,218.0639824
20.21638543864677,218.1068605
20.202883842562414,218.1502288
20.199508426139385,218.1950718
20.19924871982337,218.2425329
20.21301002222374,218.2891797
20.21326972853976,218.3323863
20.218981944944936,218.3760038
20.22858885118976,218.4184786
20.229108194214028,218.4613615
20.22755030435664,218.5058807
20.240792263732743,218.5473725
20.246244913037334,218.5864112
20.240013353607882,218.6229941
20.247023823162195,218.6585954
20.247283459870445,218.6956687
20.247802733287056,218.7338093
20.2428694966143,218.7737503
20.250918513001732,218.8136098
20.246764186453937,218.8511773
20.2428694966143,218.8853067
20.263381562253066,218.9162466
20.250918513001732,218.9466944
20.259227235705175,218.9750142
20.27298853810555,219.0070985
20.263900905277243,219.0449146
20.27402715454633,219.0887881
20.26779559511688,219.1327443
20.279999007659864,219.1783372
20.283634060791147,219.2204124
20.282076170933763,219.2616673
20.294279583476747,219.3025973
20.312195282032675,219.3427917
20.300251506197945,219.3842124
20.303367216304956,219.4233436
20.296097110042385,219.4603438
20.29401994676849,219.494072
20.30180939605533,219.5238714
20.29376031006024,219.5521142
20.287788456946704,219.5783927
20.31842677185446,219.6019707
20.302328669471837,219.6251412
20.309598775734504,219.6524027
20.3005111429062,219.6808929
20.331928437546477,219.710612
20.32336007813478,219.7426217
20.31842677185446,219.7802824
20.310118049151015,219.8245766
20.331668800838223,219.8727162
20.31894604527097,219.9197947
20.328033747706943,219.966956
20.348805519661624,220.0118248
20.3262162211413,220.0581665
20.345949376655106,220.1084415
20.340496796958185,220.1583067
20.349324793078136,220.2026856
20.351921229768642,220.2435456
20.343093233648688,220.2831773
20.355556352507588,220.3222374
20.352440572792915,220.3597408
20.355296646191672,220.3955258
20.349844066494743,220.4318832
20.36334573218676,220.4695521
20.36568253216901,220.5077962
20.3539984626503,220.5456302
20.37347198145585,220.5844473
20.391387610404017,220.6233469
20.387233283856222,220.6642917
20.381001724426678,220.7070409
20.39190695342829,220.7511017
20.37762630800365,220.7947525
20.4009945862565,220.8350481
20.40229283940563,220.8723933
20.370356201741078,220.9076092
20.399177059690853,220.9370963
20.392426226844897,220.9638762
20.40385065965526,220.9904128
20.421766358211183,221.0185893
20.407226076078285,221.0520878
20.42981537459862,221.0918939
20.414496251948616,221.1349745
20.433710134045914,221.1802705
20.43396977075417,221.2249922
20.417352325347373,221.2696325
20.426439958175582,221.3141118
20.418390941788154,221.3576061
20.42773821132472,221.3986453
20.43293115431339,221.4376344
20.43968198715945,221.475151
20.451625762994077,221.5143901
20.434748680879032,221.5546921
20.44409602002326,221.597864
20.451885399702434,221.6399713
20.456559069274498,221.6818328
20.450846852869315,221.7222191
20.45240467311894,221.7606399
20.453443289559726,221.7949676
20.44409602002326,221.8269163
20.43786446059371,221.8562476
20.44825034657105,221.8861487
20.446692456713762,221.9149055
20.451625762994077,221.9436626
20.463309902120553,221.9738931
20.479408004503075,222.0078946
20.456299432566247,222.0472197
20.47992727791969,222.0916279
20.474734334931014,222.1376714
20.467464228668344,222.1846194
20.453702926268075,222.2299304
20.467723865376698,222.2740125
20.475772951371795,222.3165369
20.463829175537068,222.3562767
20.45863623254839,222.3952803
20.469801028650597,222.4313321
20.460973032530646,222.465585
20.46175201226317,222.4961492
20.457857322423532,222.5240899
20.466685318543586,222.5491661
20.464867791977944,222.573503
20.47499397163927,222.6000531
20.45578008954197,222.6296353
20.455520452833717,222.6591357
20.469281755233993,222.6860124
20.457078342691005,222.7118266
20.46019412240578,222.7369016
20.484081674075142,222.7623082
20.477590477937436,222.7881203
20.458376595840136,222.8136889
20.45941521228092,222.8372911
20.457597616107613,222.8583516
20.45578008954197,222.8797409
20.47785011464569,222.9018699
20.465387065394456,222.9269464
20.48460094749175,222.9559592
20.47992727791969,222.989396
20.47343615138955,223.0233262
20.47992727791969,223.0556982
20.469801028650597,223.082907
20.460973032530646,223.1048731
20.464867791977944,223.1238864
20.471878261532254,223.1410152
20.494467560052485,223.1582262
20.46175201226317,223.1758482
20.466685318543586,223.1930595
20.48979389048042,223.2118295
20.467983502084955,223.2322378
20.470320371674866,223.2523175
20.49810261318387,223.272726
20.481485167776977,223.2962494
20.513162168733277,223.3235425
20.50329555617244,223.3533781
20.488236000623033,223.385263
20.487976363914782,223.4187866
20.504593809321577,223.4514091
20.494986833469095,223.482802
20.51238318900075,223.5118171
20.504853446029827,223.5416545
20.51835511172195,223.5758372
20.521990164853232,223.6130504
20.534193577396216,223.649201
20.526144491401123,223.6878096
20.52458660154374,223.7281393
20.549512700046215,223.7665872
20.527442744550157,223.8019177
20.53679001408672,223.8364292
20.54406012034929,223.872007
20.527442744550157,223.9073414
20.550032043070484,223.9415253
20.544319757057544,223.9732518
20.545618010206677,224.0044032
20.559638949315303,224.0358838
20.551330296219618,224.0701541
20.56846694543526,224.1038493
20.566909125185536,224.1359857
20.568986288459527,224.1693555
20.57132308844168,224.2031313
20.585344027550306,224.2349426
20.582228247835626,224.2640496
20.57651603143035,224.2913511
20.58508439084205,224.3227523
20.582747590859803,224.35317
20.58404577440127,224.3832619
20.601442129932927,224.4125319
20.59702816667678,224.4418845
20.584824754133802,224.4732899
20.61208772222619,224.5044463
20.624291134769177,224.5337997
20.614164885500088,224.5608595
20.602480746373708,224.5850475
20.596508893260182,224.605958
20.5913159502715,224.6243253
20.62065608163789,224.6421172
20.604817546355857,224.6622881
20.602480746373708,224.6875457
20.58041072126999,224.7152591
20.605336889380133,224.7419917
20.605856162796737,224.7688066
20.62169462847101,224.7980803
20.61156837920192,224.8277653
20.607933326070633,224.8547455
20.618059575339725,224.8803308
20.60300001979022,224.905094
20.619877101905367,224.928139
20.618838485464487,224.9495423
20.6211753550544,224.9713542
20.620915718346147,224.9944819
20.606115799504995,225.0179359
20.6105298323688,225.0424563
20.61130874249367,225.0640221
20.59209486039637,225.0816548
20.60767368936238,225.0985502
20.62169462847101,225.1139656
20.617280665214864,225.1299594
20.61935782848876,225.1469346
20.62792618790046,225.1671087
20.638312073877806,225.1929433
20.64168749030083,225.2253375
20.63805243716955,225.2628195
20.646361090265227,225.3029226
20.640908510568305,225.3469653
20.6554487927012,225.3918283
20.65518908638519,225.4348059
20.651294396545644,225.476142
20.657006612950827,225.5179749
20.64714006999776,225.559885
20.658824209124234,225.6020452
20.657006612950827,225.6449434
20.66505569894592,225.6895639
20.67102762166712,225.7355804
20.67803809122153,225.7807779
20.685827470900605,225.8254003
20.679595981078823,225.8708458
20.674922311506755,225.9165359
20.679595981078823,225.9601759
20.68452921775157,226.0033258
20.69024150376442,226.0453274
20.69932913659273,226.0851964
20.68452921775157,226.1255567
20.703223826432264,226.1648536
20.70737822258782,226.2043128
20.726072761660845,226.2428704
20.71724476554089,226.2824952
20.729707814792132,226.3222026
20.735420100805072,226.3617488
20.738795517228105,226.4024417
20.72477457811948,226.4429706
20.734900757780803,226.4822715
20.744248096925034,226.5184522
20.739574427352967,226.5533226
20.75177783989595,226.5870443
20.74840242347292,226.6248689
20.765539142296323,226.6656474
20.740613043793743,226.7086424
20.73905515393636,226.753031
20.765019868879715,226.7957803
20.75281645633673,226.8339365
20.774107501707928,226.8716818
20.77280924855889,226.9096743
20.786051277542658,226.9467623
20.77203033843403,226.9850848
20.777223281422703,227.0239811
20.787089893983435,227.0619755
20.77696364471445,227.0993943
20.778002191547564,227.1346798
20.76943383213586,227.1689837
20.77904080798834,227.2044345
20.805784433056562,227.2404617
20.79202313065619,227.2759133
20.79254247368046,227.3162888
20.804486249515087,227.3580637
20.796437163519997,227.4005744
20.79202313065619,227.4430856
20.80890021277124,227.4862557
20.80422654319917,227.5278655
20.802928359657706,227.5697228
20.813054539319122,227.610349
20.801370469800414,227.6506492
20.81123701275349,227.6910296
20.8050055229317,227.7307548
20.823440425296468,227.769416
20.825777294886386,227.808813
20.83979823399501,227.8484574
20.835384201131106,227.8869528
20.828114094868535,227.924055
20.843952560542807,227.9582851
20.840836850435792,227.9889848
20.840577144119777,228.0196025
20.848626230114963,228.0526814
20.850184119972255,228.0849431
20.85537706296093,228.1153148
20.852001646537996,228.1417469
20.84369292383455,228.1676057
20.854078809811895,228.197402
20.869657638777905,228.2304856
20.861608552782716,228.2643075
20.851482373121392,228.2995237
20.867840112212264,228.336713
20.86082964265795,228.3747232
20.862387532515243,228.4130604
20.88160141461254,228.4527123
20.868359385628775,228.4962255
20.881082141196032,228.5426918
20.87303305520094,228.5927727
20.886015447476446,228.6428544
20.883159304469924,228.692528
20.881082141196032,228.7400647
20.87147516534355,228.7853052
20.886534720892957,228.8273439
20.877706724773002,228.8660982
20.8797838880469,228.9033738
20.89432410057213,228.9405702
20.884976831035566,228.9776025
20.90003638658507,229.0127443
20.878485634897864,229.045754
20.884717194327315,229.0758879
20.903152096692086,229.103478
20.893804827155524,229.1296741
20.892246937298232,229.1594795
20.893804827155524,229.1931467
20.911980162419706,229.2266524
20.93015542807623,229.2622087
20.908864382705026,229.3010506
20.931713317933614,229.3445728
20.920288815515487,229.3919574
20.92288532181366,229.4401633
20.911980162419706,229.4889437
20.95819730629348,229.5368218
20.94002204063696,229.5827298
20.93145368122536,229.6273236
20.9465131671671,229.6717561
20.942878114035718,229.7158598
20.94157993049435,229.757252
20.932492228058475,229.7957734
20.952485089888295,229.8299388
20.95456225316219,229.8589328
20.984681294653342,229.8889921
20.99324965406505,229.9219287
20.97741118839077,229.9581516
21.00259699320927,229.9969198
20.991951470523677,230.0373302
20.99454790721418,230.0780705
20.998182960345463,230.1170873
20.99714441351235,230.1547071
20.99169183381542,230.1906033
20.986239184510733,230.2244462
21.00129874006014,230.2539353
20.995846160363214,230.2808795
20.984421657945088,230.3074121
21.01506004246051,230.3361633
21.0059724096323,230.3668038
21.017916185466937,230.3976092
21.01246360577001,230.4303864
21.032456397992167,230.4669419
21.020252985449183,230.5087558
21.036610724540058,230.5541014
21.01142498932923,230.6001889
21.001558376768493,230.6439761
21.0080495729062,230.6825083
21.034533561266066,230.7170129
21.014281132335647,230.7481513
21.021291601889963,230.7789577
21.0272634550035,230.8113297
21.026744181586988,230.8492873
21.028302071444276,230.8896262
21.05141064338121,230.9316106
21.04128439411212,230.9748284
21.039207230838226,231.0172231
21.04284228396951,231.0576492
21.047515953541573,231.0979084
21.04076512069561,231.1400603
21.033235308117032,231.1803233
21.04336155738602,231.2191889
21.051151006672956,231.2553416
21.03868795742162,231.2923186
21.05348780665511,231.3302821
21.03946686754648,231.3693967
21.066989472347228,231.4104014
21.060498276209422,231.4511595
21.059979002792915,231.4919181
21.070364888770165,231.5330068
21.078413974765347,231.5713824
21.075038558342325,231.609514
21.06465267236498,231.6459183
21.087761244301817,231.6797769
21.094771713856126,231.7109249
21.07659644819971,231.7444546
21.099705020136543,231.7783142
21.107234763107463,231.8133224
21.096848877130125,231.8477597
21.11320668582866,231.884414
21.119178538942098,231.9216457
21.11086981623875,231.9601084
21.12956442491944,232.0012032
21.11969781235871,232.0432023
21.14202747417068,232.0861058
21.125150461663292,232.1271995
21.137094167890364,232.1667361
21.120996065507743,232.2065177
21.146701143742842,232.2450663
21.137873147622887,232.2821374
21.11995751867462,232.318305
21.14799939689188,232.3547176
21.14150820075417,232.39179
21.15656775630358,232.4282034
21.1534519765889,232.4644551
21.158644919577572,232.4982401
21.16435713598276,232.5339157
21.16877116884656,232.5700011
21.167472915697527,232.603952
21.17448338525184,232.6377385
21.186686797794824,232.6734156
21.187725414235604,232.711643
21.183051744663445,232.7488817
21.208237479874274,232.7835764
21.205381406475517,232.8140758
21.220440892417262,232.8402176
21.214988312720337,232.8656204
21.202265626760738,232.8920127
21.21628656586937,232.917743
21.24173200739622,232.9437235
21.243030260545254,232.9737326
21.26276341605916,233.0101527
21.246145970652364,233.051918
21.243809170670115,233.0977947
21.2474442238014,233.1478656
21.239135501098048,233.1981845
21.243030260545254,233.2489962
21.219921619000747,233.2946313
21.24354953396186,233.3358259
21.259647636344383,233.3739761
21.257830109778745,233.4119646
21.24822320353392,233.450528
21.285352714579485,233.4890946
21.270812502054252,233.5292227
21.27990013488246,233.5724734
21.271851048887367,233.6152328
21.27548610201865,233.6588998
21.27470719189379,233.7010035
21.27496682860214,233.7402273
21.267696722339476,233.7758345
21.290545657568057,233.8070856
21.30768237639146,233.8357863
21.303527980235902,233.865966
21.304306959968436,233.9001783
21.307163102974954,233.9383381
21.295219327140224,233.976086
21.289507041127276,234.0089829
21.287429877853384,234.0348872
21.27496682860214,234.0568472
21.293142094258563,234.0771608
21.306124486534074,234.0976395
21.291584274008937,234.1215709
21.29573860055673,234.1513438
21.29807540053898,234.1900014
21.311836702939353,234.233921
21.311577066231003,234.2834326
21.31754891934453,234.3342646
21.32248222562495,234.3856691
21.343773340603903,234.4355158
21.335204981192206,234.4829742
21.34611014058606,234.5334795
21.36220824296858,234.5837381
21.353639883556976,234.6333377
21.35935216956982,234.6808844
21.35260133672386,234.7268673
21.34559086716955,234.7694774
21.336503164733575,234.8085523
21.35260133672386,234.8426924
21.354678499997764,234.8723896
21.36142933284382,234.898136
21.361948606260327,234.9228159
21.364545112558496,234.948648
21.36792052898152,234.9753024
21.37337310867845,235.0012999
21.380643214941113,235.0290244
21.39154837433497,235.0574063
21.3863554313463,235.0866106
21.384018631364043,235.1170525
21.372594128945927,235.1456002
21.372074855529416,235.172996
21.400376370454925,235.1984177
21.375450271952445,235.2260614
21.380643214941113,235.2554323
21.383758994655786,235.288425
21.399597460330064,235.3252019
21.416214836129193,235.3670803
21.41232014628965,235.4116763
21.41309912602218,235.45701
21.416214836129193,235.504239
21.403751786877955,235.5531161
21.42374464870778,235.6013312
21.414916652587824,235.6475751
21.40842545645002,235.6923373
21.411281599456537,235.7373505
21.41803236269483,235.7835936
21.423485011999524,235.8291829
21.436726971375624,235.8738652
21.431274391678695,235.9190432
21.453084780074168,235.9655393
21.448670747210254,236.0145859
21.44088136753118,236.064043
21.44763220037714,236.1124337
21.453344416782414,236.1589326
21.455161943348056,236.2056771
21.45542158005631,236.2494598
21.472039025463108,236.2929157
21.464768849592875,236.3360422
21.474116188737106,236.3807317
21.478270515284898,236.4264094
21.4933300708344,236.4712679
21.4868388746966,236.5152194
21.49956156065619,236.5576886
21.510466789657706,236.5995835
21.495926507524807,236.6407389
21.496186213840826,236.6832951
21.502677340370873,236.724779
21.49774403409045,236.7638781
21.492551091101873,236.8014949
21.48761785442912,236.8401823
21.51488075291385,236.8780476
21.51643864277124,236.9153383
21.517477259212022,236.9550149
21.517996532628626,236.9965876
21.510466789657706,237.0369228
21.522150928784182,237.0773438
21.527343871772853,237.1190805
21.528642055314222,237.1630409
21.53409463501115,237.2049439
21.54162444758973,237.2463548
21.531498198320644,237.2865281
21.528642055314222,237.3236585
21.53513325145193,237.358401
21.537210414725926,237.38944
21.537989394458453,237.4188311
21.550452443709688,237.4473171
21.549154190560554,237.4772866
21.546817390578404,237.5093147
21.539547284315844,237.5401075
21.55538574999011,237.566206
21.558241823388865,237.5911545
21.561097966395284,237.6185715
21.551490990542806,237.6487903
21.55616466011487,237.6778536
21.563175129669183,237.7070024
21.558241823388865,237.7381247
21.55512611328176,237.7735322
21.56213658283607,237.8113262
21.574080289063133,237.8502737
21.576417158653047,237.8913629
21.587841591463505,237.9331929
21.577196068777816,237.9747759
21.5787539586352,238.013808
21.556683933531474,238.0495461
21.552529606983587,238.0866856
21.582129375058226,238.12292
21.570964578956122,238.1612934
21.56213658283607,238.2018114
21.58264864847483,238.2463622
21.568887346074458,238.2910816
21.577196068777816,238.3357989
21.563694403085794,238.3835639
21.55434713354923,238.4315801
21.562655856252675,238.4811578
21.56784879924135,238.5289278
21.566550546092213,238.574967
21.56239621954442,238.6212519
21.55616466011487,238.6689414
21.569406689098734,238.7164637
21.576676795361305,238.7648952
21.583687264915614,238.8131623
21.585764428189513,238.8603591
21.57278210552176,238.9041788
21.57797504851043,238.9425644
21.56706981950882,238.9746075
21.573041742230018,239.0000599
21.56187687652015,239.0206532
21.57771541180208,239.038857
21.59069773446993,239.058297
21.589399481320797,239.0801269
21.599006457173374,239.1012135
21.599785367298136,239.1225482
21.582908354790753,239.1447089
21.604718673578557,239.167938
21.610171253275478,239.1953689
21.610171253275478,239.2289784
21.607834453293332,239.2648129
21.61172914313287,239.2982607
21.638732474517006,239.3285755
21.61899924939544,239.3564207
21.608353726709836,239.3863258
21.625750082241495,239.4159007
21.63717458465962,239.4462992
21.624451898700126,239.4802418
21.64807974405357,239.5170677
21.63535705809398,239.5546376
21.633539531528335,239.5932763
21.634058804944946,239.6349638
21.627827245515395,239.6824208
21.63665531124311,239.7307846
21.63276055179581,239.7784882
21.637953494784483,239.8242978
21.648339380761822,239.8667319
21.63457807836145,239.906611
21.65560948702439,239.9451714
21.6600235198882,239.9832393
21.653532323750493,240.022379
21.65301305033389,240.0653087
21.663398936311232,240.1086521
21.670149769157288,240.1530675
21.66443755275211,240.1955033
21.663139299602978,240.2336569
21.67482343872935,240.2655478
21.68754612468894,240.2937291
21.704163570095737,240.3211725
21.69871092079115,240.3489439
21.70312495365496,240.3772086
21.702345973922437,240.4049805
21.721819562335646,240.4321742
21.720261672478266,240.4596188
21.720002035770015,240.4885428
21.741033444432954,240.5198607
21.729868578723078,240.5519997
21.743629881123457,240.58645
21.72363708890129,240.619416
21.723377452193038,240.651804
21.74882282411212,240.683286
21.751938603826897,240.7151815
21.73921591786731,240.7468294
21.733763338170384,240.7777366
21.738696574843036,240.8063357
21.754794746833326,240.8341114
21.75609293037469,240.8646889
21.768036706209422,240.8978231
21.771931465656728,240.9336767
21.778422592186764,240.9716739
21.784913788324474,241.0110739
21.789587457896637,241.0508848
21.769854232775067,241.0894592
21.77608579220452,241.1274584
21.783615535175436,241.1615844
21.783355898467082,241.1944738
21.78751029462264,241.2265398
21.793741784444425,241.2590167
21.79737683757581,241.2912459
21.7989347274331,241.3247152
21.819706499387785,241.3584301
21.81009959314297,241.3930519
21.80802236026141,241.431468
21.809060976702188,241.4730972
21.818927589262923,241.5172012
21.819966136096042,241.5599034
21.80802236026141,241.6019476
21.822822279102564,241.6434165
21.824380168959948,241.6852139
21.81736969940563,241.7275904
21.8352853283538,241.7698849
21.83372743849641,241.8120973
21.841516887783254,241.856782
21.836843218211186,241.8999021
21.841257251074996,241.9439295
21.831650275222515,241.9869681
21.832169548639026,242.0273701
21.851643137052335,242.0664526
21.84203616119986,242.1079249
21.856576373724998,242.1496457
21.86202902302968,242.1929352
21.85397993703449,242.235484
21.848786994045817,242.2777853
21.873713092548396,242.3200017
21.85761499016587,242.3585119
21.852162410468846,242.3966917
21.87604996213831,242.4353654
21.881502541835236,242.4735461
21.872934182423535,242.5132929
21.893446317669966,242.5549365
21.902014677081574,242.5953457
21.883060431692623,242.6369077
21.884618321550015,242.6792144
21.892667337937443,242.7230046
21.917074163023315,242.7668809
21.898379623950287,242.8118273
21.896821734092992,242.8558674
21.89656202777698,242.8970221
21.9139584529163,242.9360327
21.90175497076565,242.9771884
21.91240056305891,243.0188381
21.917333799731665,243.0622223
21.925642522435016,243.1079971
21.940961714692776,243.1587238
21.937845934978,243.2119241
21.947452910830478,243.2661978
21.94303887796667,243.3189065
21.939403824835384,243.3683959
21.948751163979612,243.4145088
21.9417406944253,243.4564952
21.9609545765226,243.4953473
21.970561482767412,243.5342826
21.961993123355715,243.5723113
21.94823182095534,243.6097615
21.986140311733433,243.6455633
21.971080756183923,243.6802131
21.968484319493424,243.7144468
21.978091295345994,243.7472803
21.97082111947567,243.7804449
21.985880675025076,243.8141035
21.99367012431191,243.848176
21.971600099208196,243.8824143
21.968743956201774,243.9168158
21.975754425756087,243.950724
21.97367726248209,243.9826526
21.98094736874475,244.0140853
21.968743956201774,244.046511
21.99029470788898,244.0803379
21.988477181323248,244.1154033
21.9999016141337,244.1501382
22.023789165803166,244.1846252
21.997305177443295,244.2172981
21.990554344597236,244.2491468
22.00016125084206,244.277943
21.98172634847728,244.3068221
22.01106647984357,244.3355361
22.000680593866225,244.3663959
22.018336586106233,244.4003917
21.99808408756806,244.4361198
22.028722472083487,244.4715202
22.01755760637371,244.5077427
22.028722472083487,244.5452068
22.039108358060826,244.5834933
22.043781958025225,244.6217002
22.04118552133482,244.6615569
22.045599484590962,244.7010859
22.0383293783283,244.7407781
22.05468718702684,244.7818747
22.048195990889134,244.821899
22.060918676848626,244.8594495
22.074939615957252,244.8938617
22.072083542558495,244.9281114
22.06637125654555,244.962276
22.06740987298643,244.9955363
22.05806260344987,245.0254123
22.06637125654555,245.0538846
22.09233597148891,245.0842577
22.078834375404558,245.1163607
22.08350797536896,245.152428
22.08610448166712,245.1923742
22.081171175386704,245.2343843
22.08506586522634,245.2762322
22.08896055506588,245.3162628
22.07519932227327,245.355549
22.084027318393225,245.3940963
22.075978232398036,245.4328897
22.08506586522634,245.470282
22.0918166980724,245.5083342
22.08350797536896,245.5484505
22.107135890330067,245.5881534
22.105578000472676,245.6265381
22.12063755602218,245.6628568
22.107135890330067,245.6990131
22.114665633300987,245.733931
22.119339302873048,245.7667028
22.109992033336486,245.7990611
22.112069196610477,245.8308458
22.134658495130807,245.8625453
22.132581331856812,245.8944935
22.131802352124286,245.9261108
22.13985143811948,245.9593785
22.131283078707778,245.9925666
22.14686190767379,246.0245988
22.152833760787225,246.0545675
22.13569704196393,246.0823896
22.157247793651134,246.108228
22.160363573365814,246.1367957
22.140889984952597,246.1686638
22.165037173330212,246.2009435
22.16114248349068,246.2338029
22.180616002296226,246.2666627
22.157767067067645,246.2982011
22.16971084290238,246.3296597
22.167893316336734,246.3593829
22.165296810038566,246.3880328
22.183472145302744,246.4174254
22.18295287188614,246.4496276
22.1943773046966,246.4852134
22.199050974268662,246.521876
22.200089590709542,246.5613429
22.196714174286516,246.5989971
22.22657357906941,246.6340879
22.20216675398344,246.6655499
22.21047547668688,246.6956874
22.193858031279994,246.7263248
22.206840353947836,246.7587758
22.21878412978257,246.7925491
22.1982720641439,246.8265712
22.208917586829497,246.8602625
22.213331550085645,246.8954417
22.21385089310981,246.9321063
22.21592805638381,246.9705902
22.222419182913853,247.0104768
22.2135911867939,247.0520972
22.232805068891192,247.0963625
22.22657357906941,247.1406284
22.225534962628625,247.1842353
22.21774558294945,247.2270974
22.234362958748584,247.2681438
22.233843685331976,247.3101817
22.223717436062888,247.3520574
22.249162877589733,247.392857
22.231766522058077,247.4331629
22.240854154886286,247.4720643
22.24033488146978,247.5104693
22.241633134618816,247.5485462
22.247604987732352,247.5867893
22.235920848605872,247.6242901
22.250201424422855,247.6602206
22.259289126858725,247.6942494
22.25954876356708,247.7268788
22.26526097997226,247.7607453
22.2585101471262,247.7955206
22.25721196358483,247.8295535
22.27616613936611,247.8613561
22.269675012836068,247.8929104
22.270194286252675,247.9264475
22.27980126210516,247.9599877
22.29096605820736,247.9929484
22.29745725434507,248.0292116
22.309141323863777,248.0672949
22.29408183792204,248.1052157
22.284734498777816,248.1437941
22.292783584772998,248.1793991
22.3034291074586,248.2130249
22.311737830161952,248.2454912
22.323941242704933,248.276141
22.311478193453695,248.3080309
22.324979859145813,248.3414095
22.315372883293236,248.3766854
22.316930773150624,248.4133701
22.322902626264156,248.448484
22.33432712868228,248.4857439
22.332249965408383,248.5250725
22.342376214677376,248.5634932
22.336923565372782,248.601003
22.32939382240186,248.6366961
22.32705702241971,248.6714838
22.332509602116637,248.7074263
22.358733953768247,248.7439464
22.34808843108265,248.7806326
22.358993590476505,248.816742
22.351204210797427,248.8493002
22.356137517077745,248.8795417
22.359512933500774,248.908049
22.368340929620732,248.9344934
22.372754892876873,248.9611839
22.360811117042143,248.9908492
22.37327416629348,249.0218377
22.369898819478113,249.0538981
22.35016559435655,249.0894334
22.370158456186367,249.1256293
22.353800647487827,249.1585194
22.367561949888202,249.1922357
22.396382807837984,249.2278527
22.38963197499192,249.2674393
22.390670591432798,249.3082638
22.374572419442515,249.3488431
22.38625655856899,249.3890886
22.384179395295,249.4297517
22.382881142145965,249.4692552
22.391709138265917,249.5061184
22.400017860969264,249.5414075
22.380284705455455,249.5754594
22.389372338283668,249.6081056
22.394824917980596,249.6393488
22.394824917980596,249.6696835
22.39404593824807,249.7024965
22.408066946964457,249.7348125
22.413000183637113,249.7666344
22.402874003975786,249.7984566
22.41897210635831,249.8314366
22.431954429026156,249.8673095
22.418712469650057,249.9053322
22.413259889953128,249.9473226
22.423905412638724,249.9899767
22.423386069614455,250.0343663
22.424943959471843,250.0785909
22.432473772050425,250.1228989
22.442599951711756,250.1644778
22.44104213146203,250.2034131
22.451428017439373,250.2392101
22.45272620098084,250.2725236
22.454803364254737,250.3050141
22.45999630724341,250.3370877
22.452206927564234,250.3697446
22.452206927564234,250.4005809
22.471161172953277,250.4286876
22.472978699518922,250.4573748
22.474276952667957,250.4886265
22.48751891204406,250.5249214
22.46830502994676,250.5646874
22.491932944907965,250.6046197
22.482845312079657,250.6431487
22.467526119821997,250.682007
22.483624222204515,250.7202054
22.464669976815475,250.756749
22.492192581616216,250.7910628
22.48232596905538,250.827527
22.469862919804147,250.8653127
22.47142080966153,250.9030987
22.47168044636979,250.9384063
22.485961022186768,250.970818
22.48440320193704,251.0029841
22.469862919804147,251.0360597
22.488817165193193,251.0706226
22.47998916907324,251.1033673
22.485182112061903,251.1340478
22.478171642507593,251.1651377
22.490634691758828,251.1960647
22.492192581616216,251.2263316
22.499203051170532,251.2573422
22.503876720742596,251.289923
22.50932930043962,251.3244086
22.510108210564383,251.3609591
22.509588937147875,251.3985024
22.508550320706995,251.4360489
22.520494096541725,251.4716915
22.52542740282214,251.5049379
22.531658962251598,251.5388453
22.528543182536822,251.5743259
22.530620345810817,251.60997
22.554767534188432,251.643052
22.558402587319815,251.6733204
22.55892193034399,251.7054108
22.56047975059371,251.7396521
22.584626938971425,251.7715773
22.56826919988055,251.8025933
22.564634146749267,251.8319537
22.56930781632133,251.8607367
22.59163740852574,251.8886934
22.57735683270876,251.9182205
22.597349694538586,251.9475848
22.58280941240569,251.977693
22.590079588276016,252.0078817
22.56956745302968,252.0355079
22.585665555412213,252.0613153
22.606696964075148,252.0892738
22.59397427811555,252.1189687
22.60072511096162,252.1531315
22.61941965003464,252.1887822
22.608254853932532,252.2246821
22.622795066457673,252.2589291
22.611889907063816,252.2905278
22.606696964075148,252.3208882
22.62175651962455,252.3506682
22.638373895423683,252.3806144
22.630324879036255,252.4099803
22.626689825904975,252.4378589
22.64460545485314,252.4651599
22.633440658751027,252.4923754
22.632921315726758,252.5183524
22.65758777752098,252.5458173
22.61838110320153,252.5765949
22.643307201704104,252.6109259
22.640970401721855,252.6450112
22.64564407129402,252.6804214
22.643307201704104,252.7174026
22.64875978140103,252.7569475
22.666675479956954,252.7978203
22.637075711882314,252.8400155
22.643566838412358,252.8806377
22.636037095441438,252.9169603
22.65083701428269,252.9506342
22.65161592440745,252.9844743
22.652135197824055,253.0183977
22.660184283819156,253.0535632
22.665636863516074,253.0921224
22.67550347607691,253.1346506
22.676542022910027,253.177431
22.66433861036704,253.2190505
22.66953155335571,253.2608392
22.69367874173333,253.3023768
22.676542022910027,253.3447447
22.690043688602046,253.3872791
22.69445772146586,253.4278255
22.69471735817421,253.4674651
22.690562962018653,253.5077664
22.685889362054255,253.5462454
22.69471735817421,253.5814998
22.702766444169303,253.6117067
22.693938378441686,253.6382712
22.713411966854903,253.6638428
22.700169937871138,253.6887536
22.691861215167688,253.7147405
22.69471735817421,253.7392368
22.72120134653408,253.7643141
22.698612048013747,253.7911288
22.721460983242334,253.8202589
22.71626804025366,253.8520394
22.7180855668193,253.8874632
22.739895955214767,253.9247906
22.72873115911266,253.9641046
22.72587501610614,254.0058175
22.754695804448254,254.048112
22.75521514747253,254.0903239
22.750541477900462,254.1336956
22.75443616774,254.1775631
22.75625369430564,254.2204408
22.751580094341243,254.2604197
22.748723951334725,254.2979148
22.75106075131697,254.3309423
22.767678196723768,254.3599142
22.750541477900462,254.386485
22.76456241700909,254.413222
22.76404314359248,254.4386367
22.756773037329914,254.4660354
22.763783506884227,254.4954236
22.775986919427215,254.5258856
22.764822053717342,254.5556866
22.777025466260326,254.5862322
22.788969242094957,254.6190137
22.775467576402942,254.6546953
22.787411352237672,254.6934374
22.794941164816255,254.7329271
22.80169199766222,254.7729126
22.7775448092846,254.811493
22.778583356117714,254.8479183
22.788449968678453,254.8820279
22.813895410205202,254.9137361
22.805327050793498,254.9427135
22.807923487484008,254.9724355
22.8074042140675,255.000586
22.805586687501854,255.0272452
22.805067414085247,255.0539046
22.80299018120359,255.0827172
22.803769160936213,255.1126896
22.7946815281079,255.1405923
22.81493395703832,255.1677508
22.7967586913819,255.1957343
22.819607626610484,255.2263719
22.825839186039932,255.256758
22.817790100044842,255.2888851
22.83284965559425,255.3241591
22.814674320330063,255.3608395
22.817790100044842,255.3996734
22.822983043033506,255.4366065
22.827916349313828,255.4726267
22.84063903527342,255.5055835
22.838042598582916,255.5373811
22.859333643954116,255.569262
22.84583197826209,255.6010601
22.83830223529117,255.6328587
22.838561871999424,255.6625872
22.84972666810163,255.69091
22.85102492125076,255.7197284
22.858814370537605,255.7497069
22.868940550198932,255.7838264
22.869200256514947,255.8212567
22.857775754096725,255.8611731
22.874912472920126,255.9032462
22.866863386925033,255.9472216
22.861930080644616,255.9920252
22.872575603330212,256.0342634
22.891529848719255,256.0750129
22.88711588546311,256.1161755
22.888414138612145,256.1546893
22.895164971458208,256.1877364
22.87647036277751,256.2162273
22.886596612046507,256.243146
22.88997202846953,256.2679112
22.89360708160082,256.2915998
22.884000105748335,256.3152885
22.88945268544536,256.3377344
22.87828788934316,256.3596849
22.900357914446875,256.3803925
22.895943881583065,256.4015128
22.876729999485768,256.4252854
22.8720563299137,256.448892
22.87828788934316,256.4697664
22.89438599172568,256.4884039
22.875951019753245,256.5089463
22.87517210962838,256.5313105
22.89204919174353,256.5555797
22.901396461279994,256.5826674
22.8886737753205,256.6141465
22.894905265142288,256.6504266
22.898021044856964,256.689858
22.896982498023846,256.7291237
22.91022445739995,256.7675621
22.890750938594394,256.8048408
22.900357914446875,256.8393844
22.89386671830917,256.8722726
22.891789555035174,256.9031731
22.896203518291323,256.9330798
22.907887657417795,256.9607496
22.90555078782788,256.9898289
22.913340237114724,257.0224695
22.923466486383816,257.0581785
22.91282096369812,257.0962886
22.923206849675456,257.1352271
22.93774706220069,257.173089
22.944497895046755,257.2091292
22.951508364601064,257.2455021
22.929697976205503,257.2820416
22.947354038053174,257.3182465
22.960076724012666,257.3532942
22.94268036848101,257.3880958
22.954104870899233,257.4206575
22.947354038053174,257.4478358
22.954883781023998,257.4725275
22.965788940417944,257.4963082
22.964750393584833,257.5211664
22.94891192791056,257.5485091
22.953066254458353,257.5765166
22.959038107571885,257.6067621
22.959038107571885,257.6371713
22.9740976631213,257.6691567
22.954883781023998,257.7010594
22.97721344283607,257.7331285
22.974616936537906,257.7629601
22.983704638973876,257.7913822
22.98136776938396,257.8185638
22.98993612879566,257.8474019
22.990974745236446,257.8764064
22.987080055396806,257.9040014
23.00447641092846,257.9300234
23.009150010892863,257.9526471
22.970202973281758,257.9772597
22.96812581000786,258.0037781
22.975915189687033,258.0290558
22.97046260999001,258.0557409
22.984483549098634,258.0830882
22.981108132675605,258.1107708
22.99149401865295,258.1372073
22.98422391239038,258.1645553
22.996427324933368,258.1940614
23.004216704612542,258.2303627
22.99720623505823,258.273789
23.002918521071166,258.3211967
22.998504488207267,258.369932
23.003697431195935,258.416679
23.023949929734112,258.4613545
23.023430586709843,258.504122
23.00084128818951,258.546228
23.01564120703067,258.5880879
23.006813210910714,258.6277072
23.00213954133855,258.6639304
23.027844619573653,258.6939371
23.015121933614058,258.7190542
23.013044770340162,258.7425951
23.027065709448788,258.7630692
23.031220035996686,258.7813048
23.02992178284755,258.8000392
23.048616391528338,258.8236638
23.03823050555099,258.8551654
23.038749778967503,258.8920535
23.039788395408383,258.9319259
23.03719188911021,258.9724639
23.040307668824894,259.0106805
23.06107944077958,259.050887
23.040567305533145,259.0926678
23.050953191510487,259.1329585
23.063675947077744,259.1707642
23.06549347364339,259.2058327
23.068349547042146,259.2375016
23.065233836935132,259.2657709
23.089381025312846,259.2940432
23.06471449391086,259.3238897
23.071724963465172,259.3561417
23.088861682288574,259.3857394
23.088602045580224,259.4128517
23.091198551878488,259.439798
23.09223709871161,259.4684848
23.084447719032433,259.4955978
23.093275715152387,259.5214668
23.08730379243119,259.5452604
23.08782313545546,259.5645813
23.098468658141055,259.5808319
23.098209021432805,259.59841
23.0810723026094,259.6193053
23.09041957214596,259.6411126
23.072763579905953,259.6635824
23.0745811064716,259.6867147
23.084188082324175,259.7125853
23.091977462003253,259.7408616
23.09924756826592,259.7723697
23.094314261985502,259.8071152
23.10080545812321,259.8459212
23.115605376964456,259.884894
23.095612515134537,259.9226257
23.117682540238352,259.9609343
23.121577230077893,260.0002411
23.13326136920437,260.0411255
23.13975256534208,260.0828365
23.131184205930374,260.1257121
23.140531475466936,260.1660992
23.138713948901298,260.2059879
23.169611970124972,260.2452147
23.140791112175194,260.2841094
23.15169627156914,260.3249975
23.15169627156914,260.3650546
23.152215614593313,260.4069362
23.1431279817651,260.4495667
23.152994524718174,260.4932734
23.159226084147633,260.5369835
23.17402593338112,260.5789505
23.16338041069552,260.6195099
23.172987386548,260.658825
23.17402593338112,260.6971454
23.19401879521094,260.7348841
23.193499521794433,260.7744502
23.189345125638877,260.8144299
23.187787235781492,260.8544101
23.183892545941948,260.8952225
23.171169859982363,260.9355364
23.186748688948374,260.9756013
23.189085488930527,261.0174079
23.201808174890118,261.0615412
23.198432758467085,261.1089912
23.20128890147351,261.1610029
23.216088820314763,261.2140136
23.203366064747502,261.2663598
23.211934424159207,261.3177114
23.20596257104567,261.3665766
23.229850122715032,261.4096335
23.230888669548154,261.4520282
23.250621894669724,261.4931784
23.23686059226935,261.5349115
23.23452372267943,261.5776406
23.239457028959855,261.6199544
23.235043065703707,261.6605245
23.242313171966277,261.6981944
23.251660441502835,261.7328753
23.265421743903204,261.765485
23.242572808674627,261.7971799
23.257113021199764,261.8273832
23.27658660961308,261.8594115
23.243871061823658,261.8919366
23.259969164206286,261.9229699
23.238937755543343,261.948859
23.260488437622787,261.9713454
23.25217971491944,261.9934187
23.271133960308394,262.0171507
23.257113021199764,262.0420449
23.255555131342376,262.0666065
23.25919018447376,262.0900895
23.259709527497932,262.1134089
23.26308494392096,262.1401289
23.28853031584005,262.1708319
23.291386458846567,262.2070962
23.298656565109138,262.2500814
23.303330234681198,262.2981319
23.31501437380767,262.3480887
23.299175908133407,262.3953086
23.311898594092902,262.4406236
23.31501437380767,262.483196
23.317091537081577,262.5250255
23.31942833706382,262.5646947
23.31864942693896,262.6037847
23.327737059767173,262.6412996
23.358635080990943,262.6780687
23.348508831721855,262.7122612
23.345393052007086,262.750027
23.344873778590575,262.7887864
23.358375444282593,262.8263867
23.360452607556585,262.8619097
23.35603857469277,262.8971028
23.343056252024926,262.9308871
23.346950941864467,262.9621777
23.353182501293922,262.9900674
23.35058599499575,263.0161318
23.36668409737837,263.04203
23.381224379511174,263.0704197
23.383301542785166,263.1003856
23.3568175544253,263.133423
23.360971880973096,263.1682031
23.39368742876251,263.2025702
23.364866570812726,263.2370181
23.387455869332964,263.274954
23.372915656807823,263.3117305
23.379666489653886,263.3495008
23.375771799814245,263.3856124
23.38278226936856,263.4198986
23.39005237563123,263.450864
23.39342779205416,263.4826592
23.38096474280292,263.5161169
23.393947065470762,263.5514007
23.4038136780315,263.5873481
23.391090992072005,263.6232959
23.40796800457939,263.6595771
23.390831285755986,263.6966884
23.415238110841965,263.7357093
23.430816939807972,263.7755632
23.417315343723615,263.8187366
23.393947065470762,263.8597515
23.423546833545405,263.898028
23.398880371751186,263.9339794
23.401476878049348,263.9700977
23.389533102214624,264.0051368
23.40043826160847,264.0381838
23.416796000699346,264.0696548
23.42224865000404,264.0991307
23.431336282832245,264.1340076
23.432894172689632,264.173367
23.459378161049496,264.21505
23.430816939807972,264.2567362
23.448473001655643,264.2987533
23.46041677749028,264.3401076
23.44977118519702,264.3803827
23.450809801637792,264.420825
23.4679465204612,264.4588585
23.46197459774,264.4946526
23.471062300175873,264.5292813
23.47755342670602,264.5608378
23.497027015119237,264.588825
23.494430508821065,264.6153191
23.48819901899928,264.6442201
23.512346207376993,264.674201
23.506114647947445,264.7066722
23.51572155419226,264.7413893
23.495988398678453,264.7778473
23.481967459569823,264.8153883
23.473139463449872,264.8503537
23.47989029629583,264.8833264
23.503518141649277,264.9136428
23.474178010282987,264.9442065
23.506893558072306,264.9767665
23.48819901899928,265.0121502
23.48664112914189,265.0497745
23.502219958107904,265.0885653
23.49884454168488,265.1289334
23.491834072130562,265.1715424
23.496248035386706,265.2158178
23.519875950347817,265.2583448
23.505855011239188,265.3033682
23.503777847965292,265.3496362
23.48534287599286,265.3944943
23.505855011239188,265.4351968
23.505595374530934,265.4702525
23.501960321399654,265.5015713
23.51390402762662,265.5330571
23.513384754210108,265.5644571
23.529223219884376,265.596857
23.527146056610388,265.6327447
23.524809256628235,265.6695463
23.529223219884376,265.7074312
23.54350379570126,265.7447335
23.526626783193876,265.7812866
23.53960910586172,265.8161823
23.536753032462965,265.8495789
23.538570559028603,265.8818151
23.55700546139338,265.9138018
23.552072155112963,265.9464525
23.551812518404706,265.9814334
23.58011410293788,266.0175754
23.561159857548837,266.0535512
23.58193162950352,266.0919379
23.598289368594397,266.1331494
23.608155981155132,266.1760221
23.610492781137385,266.2211421
23.600626168576554,266.2653463
23.609713871012517,266.3091373
23.61179103428642,266.3519292
23.617503250691698,266.3930607
23.612050670994773,266.4338624
23.61828223042422,266.4743312
23.6239944468294,266.5137202
23.637755749229775,266.551446
23.635159242931607,266.5890084
23.615945360834306,266.6284821
23.62633124681165,266.6697007
23.654113488320647,266.7092588
23.65515210476143,266.7475675
23.659566068017575,266.7882071
23.642429418801935,266.8306749
23.633082079657708,266.8737239
23.646843382057984,266.9153623
23.666316900863638,266.9547569
23.626590883519906,266.9953992
23.63827502264638,267.0347948
23.670990570435695,267.0716129
23.676702786840973,267.108101
23.68682903610997,267.1444227
23.697214922087316,267.1804949
23.678001039990015,267.2168981
23.700590338510338,267.2519766
23.70110961192685,267.2863025
23.706302554915524,267.3176397
23.68423259941946,267.3480631
23.700071065093734,267.3776533
23.695137758813413,267.4028404
23.68630976269346,267.4256995
23.692800958831167,267.4507175
23.709937608046804,267.4770693
23.69799390181984,267.5047493
23.68786765255075,267.5356719
23.694358848688548,267.5710012
23.703706118225114,267.6052501
23.69773419550392,267.6389993
23.70915869792204,267.6742465
23.70448502834988,267.7101581
23.694358848688548,267.7503962
23.71876567377452,267.7891345
23.702927138492587,267.8251308
23.712014840928465,267.8623751
23.695916668938178,267.9013676
23.7073411713564,267.9409385
23.69799390181984,267.979932
23.729411196460116,268.0224967
23.73694093943104,268.0647341
23.712014840928465,268.1078001
23.721881383881534,268.1531121
23.728891853435844,268.1951817
23.726555053453698,268.2349259
23.723958616763195,268.2717582
23.725256800304567,268.3048505
23.740316355853974,268.3354503
23.737200576139298,268.3667146
23.721102473756677,268.3961477
23.733305886299657,268.4251671
23.727074326870206,268.4509435
23.725256800304567,268.475639
23.713313024469837,268.4970942
23.727593669894475,268.516718
23.728632216727593,268.5359251
23.73797955587182,268.5586258
23.7159095307681,268.5842365
23.750702241831313,268.60935
23.738239192580075,268.6367093
23.743172498860496,268.6671429
23.750182968414805,268.6994916
23.74473038871788,268.7330053
23.756674094944845,268.7693433
23.770695103661133,268.8036888
23.766540707505584,268.8411949
23.76809859736297,268.8805304
23.78082128332256,268.9200332
23.793803675598074,268.9603676
23.796919455312747,269.000369
23.78030200990596,269.0400401
23.791207169299906,269.0792947
23.780561646614213,269.1170516
23.78082128332256,269.1524823
23.786273932627154,269.1841689
23.80315094513454,269.213696
23.80211239830142,269.2420559
23.81353683111188,269.2696709
23.82314380696436,269.2952041
23.803410581842893,269.3212379
23.824701696821748,269.3463573
23.81171930454624,269.3693113
23.828077113244785,269.3925185
23.818470137392296,269.4171381
23.82392271708922,269.44101
23.83145252966781,269.4667114
23.847290995342085,269.4947427
23.857936518027675,269.525685
23.84391557891905,269.5564636
23.859754044593316,269.5843289
23.86858204071327,269.6126921
23.876371420392445,269.6413892
23.88104508996451,269.6715017
23.869880293862405,269.7026126
23.869880293862405,269.7350556
23.870918840695523,269.7656666
23.878708289982363,269.7950324
23.880525816548,269.8248961
23.87766967354158,269.8559251
23.895585372097408,269.8869545
23.887017012685707,269.919733
23.89870108220452,269.9550866
23.905971258074754,269.9899457
23.8953256657815,270.0243018
23.91220274789654,270.0566647
23.901297588502686,270.0871149
23.914020274462185,270.1174792
23.912981727629067,270.1491785
23.92077110730824,270.1795433
23.90259584165172,270.2069999
23.921290380724752,270.2340396
23.91246238460479,270.2609961
23.922848270582136,270.288534
23.905451915050485,270.3164058
23.9275219401543,270.3440305
23.92804121357081,270.3744807
23.944658658977605,270.4090107
23.94751480198412,270.4467837
23.952188401948522,270.4878053
23.94517793239421,270.5298231
23.945437569102467,270.5725922
23.944658658977605,270.6150283
23.95426556522242,270.6544696
23.963353267658395,270.6909969
23.960497124651873,270.728192
23.97010410050445,270.7655545
23.974258427052245,270.8030843
23.977893480183525,270.8395326
23.97737420676702,270.8754807
23.975297043493125,270.9127615
23.976075953617887,270.9515419
23.97270053719486,270.9885733
23.98724074972009,271.0235246
23.986202202886975,271.0560647
23.97581631690964,271.0899348
23.96932512077193,271.1236383
23.99321267244129,271.1572616
24.001002052120462,271.1928796
24.00463710525175,271.2309152
23.990356529434866,271.2723616
24.021514187366797,271.3148906
24.00048277870386,271.3577513
24.024110693664966,271.402863
24.023591350640785,271.4488043
24.00359855841863,271.496165
24.024629967081573,271.5436072
24.017359860819006,271.5909666
24.04124741248837,271.6391585
24.04124741248837,271.6886866
24.06046129458567,271.7407916
24.05137359214969,271.7944806
24.049036792167538,271.8481732
24.028784293629368,271.9021116
24.02852465692111,271.953725
24.054229735156213,272.0007568
24.064355984425198,272.0432123
24.08512775637989,272.0878331
24.091359315809342,272.1344523
24.06461562113356,272.1823216
24.070847180563007,272.2315216
24.077857650117323,272.2793923
24.08512775637989,272.3256805
24.09551364235723,272.3698072
24.077598013409066,272.4122678
24.081752339956857,272.4557279
24.087724193070393,272.4959412
24.09811007904774,272.5352394
24.100966222054158,272.5770371
24.10719778148361,272.6224977
24.124334500307015,272.669623
24.119401194026594,272.7168354
24.12303624715798,272.7666283
24.120699377568062,272.815921
24.136018569825723,272.8613016
24.145885182386557,272.9055194
24.139653622957013,272.9524821
24.136278206534072,273.0006979
24.14432729252917,273.0504118
24.1497798722261,273.0979612
24.15549208863128,273.1458452
24.148221982368714,273.195645
24.17808145675937,273.2458603
24.166137680924646,273.2931621
24.16743586446601,273.3388836
24.176263860585966,273.3810262
24.188986616153223,273.422582
24.200151412255426,273.4618112
24.2032671919701,273.5018704
24.194439195850148,273.5439289
24.197295338856666,273.5879059
24.200670755279607,273.6326324
24.22222143735915,273.679606
24.21806711081126,273.7284984
24.236242376467775,273.7808075
24.23780026632516,273.8343646
24.248186152302505,273.8875914
24.21521096780483,273.9391514
24.239098519474194,273.9866308
24.229751180330066,274.0288629
24.241954592872954,274.0675986
24.23364593977727,274.1038346
24.25987029142888,274.1410706
24.284277116514854,274.1772239
24.266361417958926,274.2166269
24.284277116514854,274.2590292
24.274929777370623,274.3025986
24.286873553205353,274.3460852
24.28245958994921,274.3910732
24.290768312652652,274.4388101
24.287133189913614,274.4874638
24.298298055623476,274.5367003
24.306087435302654,274.5869401
24.3058277985944,274.6393443
24.320887354143803,274.6916687
24.31050146816646,274.7429079
24.31543477444688,274.7931509
24.322964517417706,274.8435591
24.308424304892565,274.8923863
24.327118843965593,274.9365467
24.32452240727509,274.9790423
24.351785375367477,275.0232067
24.336725819818074,275.0664527
24.35983439175491,275.1082845
24.37022027773225,275.146783
24.355680065207117,275.1849477
24.351785375367477,275.223113
24.367883477750098,275.2569449
24.350487122218443,275.2889473
24.361651918320653,275.3214457
24.382943033299508,275.3545295
24.3845009231569,275.3884491
24.36658522460097,275.426032
24.398521862265525,275.4671193
24.397223609116395,275.5101207
24.396704335699884,275.5542927
24.40345516854594,275.5977132
24.405532331819835,275.6385493
24.39592535596736,275.6789709
24.408907748242868,275.720393
24.40709022167722,275.7625679
24.41306207479066,275.8067406
24.401377935664282,275.8493317
24.432016320179702,275.8927563
24.424226940500528,275.9400176
24.425005850625393,275.989943
24.444739006139297,276.0412063
24.424746213917135,276.0953875
24.42682337719103,276.1510684
24.44577762258007,276.2082521
24.424746213917135,276.2655204
24.437209263168377,276.3228705
24.413321711499012,276.3791407
24.43980569985888,276.4323274
24.435391736602735,276.4819291
24.44240220615705,276.5286142
24.44292147957366,276.5737982
24.445517985871827,276.6166506
24.429679520197553,276.6561681
24.44240220615705,276.6921
24.43876715302576,276.7259506
24.439546063150623,276.7560482
24.442142569448794,276.7833093
24.447075875729105,276.8103226
24.454086345283425,276.8376706
24.450191585836222,276.8666852
24.46888619451692,276.8953657
24.450970565568753,276.9240492
24.45746176170645,276.952145
24.488879056346732,276.9800794
24.48134924376815,277.0105111
24.495889525901053,277.0455301
24.487580803197705,277.0840526
24.489138693055086,277.1263296
24.495889525901053,277.172272
24.50523679543761,277.2189675
24.496668436025917,277.2660817
24.515103407998353,277.3116109
24.511987628283674,277.3543062
24.52574893068395,277.3936659
24.51925773454624,277.4314402
24.514584134581842,277.4670493
24.51692093456399,277.502408
24.523671767410047,277.5356822
24.512247264991927,277.568455
24.532240126821748,277.6029814
24.52808573066619,277.6383416
24.552232919043913,277.6728688
24.55950309491414,277.7095622
24.56495567461107,277.7470087
24.555867972175196,277.7867915
24.560801278455514,277.8265748
24.572745054290248,277.8666067
24.567552111301573,277.908058
24.57586083400502,277.9495935
24.58235203014273,277.9903797
24.568850364450704,278.0312473
24.585208103541486,278.0725335
24.586506356690617,278.1134886
24.58780460983975,278.1531088
24.577418723862404,278.1928132
24.5683310910341,278.2335998
24.582611666851076,278.2738879
24.56677320117671,278.3120102
24.564436331586894,278.3471276
24.567292474593316,278.3798254
24.56106091516387,278.4106917
24.560022368330745,278.4408056
24.548338229204273,278.4704179
24.57378367073102,278.4985305
24.590920389554427,278.5256424
24.59948874896613,278.5555901
24.597671222400486,278.5897929
24.610134271651724,278.6276654
24.589622136405392,278.6668767
24.603902712222272,278.7066685
24.601565912240027,278.7457972
24.610653545068327,278.7842572
24.61039390835998,278.8245524
24.60052729579925,278.8673522
24.611432455193096,278.9061455
24.59195893638754,278.9431881
24.616885104497783,278.9807331
24.616365761473514,279.0184458
24.607537765353563,279.0556571
24.6153272146404,279.0933707
24.62311659431957,279.1292471
24.640772586559482,279.1649593
24.62934815374902,279.1988342
24.655312868692377,279.2330441
24.649340945971183,279.2680045
24.643109456149396,279.3043849
24.677123187480188,279.341184
24.656091778817245,279.3789012
24.65920755853192,279.4179519
24.640253313142875,279.4542503
24.66440050152059,279.4880447
24.663361885079812,279.5179208
24.651418178852744,279.5470441
24.667775917943615,279.5770854
24.68595118360014,279.6064575
24.662842611663205,279.637085
24.677642530504357,279.6699637
24.680498603903114,279.7038469
24.701270375857806,279.7383106
24.681537220343994,279.7753659
24.698673939167296,279.8125025
24.701270375857806,279.8481389
24.706982661870743,279.8806852
24.70905982514464,279.9124841
24.69477924932776,279.9414438
24.72282112754501,279.9715726
24.702049355590326,280.0039555
24.699452849292157,280.0420963
24.70178971888207,280.0862463
24.697116049310004,280.1327346
24.710617715002027,280.1773071
24.71970534783024,280.2212916
24.733985923647218,280.2636085
24.737880613486755,280.3040903
24.725677200943768,280.3404828
24.727754433825428,280.3740385
24.719186074413734,280.4071761
24.716849204823813,280.4405652
24.754757695601903,280.4737035
24.717368547848086,280.5059242
24.716070294698955,280.5406507
24.727754433825428,280.5768786
24.737620976778498,280.6127721
24.743592899499696,280.6495031
24.7415157362258,280.6872333
24.75397878547704,280.726387
24.759691001882217,280.7653709
24.76228750818039,280.8036885
24.743852536207953,280.8387532
24.769038271418783,280.8713935
24.7654032182875,280.9027841
24.753719148768692,280.936011
24.74930511590488,280.9708233
24.764883944870896,281.0075584
24.767999724585668,281.0450447
24.769817251151313,281.0847024
24.76410503474603,281.127698
24.757873475316575,281.1732028
24.764624308162638,281.2178712
24.7739715776991,281.2619542
24.775010194139977,281.3077932
24.760469912007082,281.3527146
24.76228750818039,281.3941288
24.778125973854657,281.4320356
24.77578910426484,281.4661864
24.78799251680773,281.4980016
24.80616785207191,281.5299818
24.801234545791594,281.5616303
24.793964439529024,281.5931925
24.80019592935071,281.6225865
24.802013455916455,281.6499741
24.81759228488237,281.67461
24.818371264614893,281.6979902
24.81940981144801,281.7260483
24.802013455916455,281.7541904
24.80305207235723,281.7828351
24.807206398905027,281.8103916
24.819669517764023,281.8361955
24.82875715059224,281.8614999
24.81343795833457,281.8865534
24.710617715002027,281.8948209
24.70023182902468,281.8956555
24.697375686018262,281.8992477
24.71658956811556,281.9027534
24.717368547848086,281.9070128
24.70178971888207,281.9116071
24.838883399861324,281.9128576
24.6991932125839,281.9170332
24.721782511104234,281.9219625
24.690365216463945,281.9277235
24.74203500964231,281.9332362
24.716849204823813,281.937663
24.825381734169206,281.939081
24.73320701352235,281.9481832
24.73138948695671,281.9486019
24.72749472750941,281.9598757
24.840960563135226,281.9645538
24.73138948695671,281.9711495
24.724119311086383,281.9834254
24.847451759273024,281.9880199
24.722561490836753,281.995788
24.738140319802774,282.0075616
24.839402673277835,282.0114052
24.739178866635886,282.0169989
24.750343732345755,282.0229276
24.760210275298824,282.0272709
24.782539937110798,282.0312792
24.869781421085005,282.0337858
24.76176816515622,282.0338695
24.751901622203047,282.035455
24.747227952630986,282.0363761
24.767999724585668,282.0366246
24.76124889173961,282.038464
24.755796312042683,282.0440578
24.751641915887124,282.0524095
24.833171113848383,282.0556669
24.742554283058915,282.062849
24.754757695601903,282.0757115
24.847711395981285,282.0777157
24.745410426065337,282.0880716
24.74930511590488,282.1000131
24.846932416248762,282.1010152
24.74930511590488,282.1134591
24.838623763153073,282.1252359
24.750343732345755,282.1269889
24.749045479196624,282.1411888
24.73943850334414,282.1523795
24.854462228827344,282.1531304
24.744631446332814,282.1619011
24.758392748733183,282.1710876
24.749564752613228,282.1781863
24.84147983655183,282.1833644
24.756055948750937,282.1868732
24.748526205780117,282.1968108
24.75112264247052,282.2076696
24.85602011868473,282.2141821
24.755796312042683,282.2190281
24.74177537293405,282.2304703
24.75112264247052,282.2343114
24.75319980574452,282.2347301
24.76202780186447,282.2350623
24.763845328430115,282.235481
24.76124889173961,282.2375691
24.737361340070244,282.2379041
24.74592969948185,282.2399083
24.765143581579146,282.240743
24.732168397081573,282.2419126
24.73476490337974,282.242831
24.846672779540505,282.243247
24.74203500964231,282.2466721
24.737361340070244,282.2534387
24.729312254075058,282.2602863
24.730350870515935,282.2669692
24.876272547615145,282.2699757
24.738659593219282,282.2741518
24.71658956811556,282.2809994
24.735024540087995,282.2876823
24.724119311086383,282.2927769
24.727235090801155,282.2961993
24.868742804644224,282.2985386
24.723859674378126,282.2998758
24.724119311086383,282.3034657
24.726456180676294,282.3076419
24.717368547848086,282.314992
24.728792980658543,282.3241791
24.867704188203444,282.3262672
24.709579098561246,282.3337849
24.723340400961614,282.3446441
24.879388327329817,282.3538313
24.721782511104234,282.3569215
24.709319461852992,282.3657737
24.73372628693896,282.3729593
24.724379017402395,282.3764656
24.73112985024846,282.3787212
24.734505197063726,282.3808931
24.878349710889037,282.3834
24.737101703361898,282.3843184
24.728014070533685,282.3879084
24.743073556475426,282.3944241
24.739957846368412,282.4006885
24.740736756493174,282.4098758
24.874455021049403,282.4143034
24.747747226047487,282.4198978
24.751641915887124,282.4300064
24.720743964271115,282.4387751
24.73372628693896,282.4454583
24.88354265387771,282.4472115
24.748526205780117,282.4493834
24.76202780186447,282.453141
24.765143581579146,282.4579037
24.760989255031355,282.4594893
24.754757695601903,282.4605753
24.744371809624557,282.4608266
24.745150789357087,282.4609941
24.752680532327908,282.4629985
24.734505197063726,282.4650867
24.745410426065337,282.4692631
24.73839995651103,282.4739392
24.75060336905401,282.4802875
24.747747226047487,282.4903125
24.74099639320153,282.5017558
24.76748045116906,282.5116106
24.73943850334414,282.5128641
24.75943136517397,282.5132801
24.871079604626473,282.5147848
24.755796312042683,282.5151199
24.76176816515622,282.5166218
24.748006862755844,282.5187938
24.746968315922725,282.5197123
24.749045479196624,282.5198798
24.75345944245277,282.5200473
24.739698140052393,282.5213008
24.752680532327908,282.5236403
24.766441834728276,282.5243912
24.76124889173961,282.528819
24.742554283058915,282.5288999
24.743852536207953,282.5294862
24.74021748307667,282.5319094
24.744371809624557,282.5379229
24.722561490836753,282.5478616
24.885619886759272,282.5507845
24.72827370724194,282.560056
24.723340400961614,282.5747576
24.886658433592384,282.5859527
24.738659593219282,282.5932198
24.71970534783024,282.6124303
24.884321633610238,282.6203647
24.738919229927532,282.6332295
24.76566285499575,282.6495171
24.738140319802774,282.6511895
24.760989255031355,282.6518567
24.74021748307667,282.6532778
24.877570800764175,282.6534453
24.756575222167545,282.6546123
24.78072241054516,282.6614635
24.74592969948185,282.6621308
24.745150789357087,282.6712351
24.746968315922725,282.673075
24.778125973854657,282.675247
24.756055948750937,282.6837651
24.75319980574452,282.685605
24.885879523467626,282.6865235
24.7739715776991,282.6911162
24.78513644340897,282.6965464
24.763326055013504,282.6982188
24.774231214407457,282.7009744
24.78513644340897,282.7013094
24.775529467556492,282.7020604
24.790848659814248,282.7023117
24.786174990242085,282.7047323
24.78799251680773,282.7063209
24.75865238544144,282.7075744
24.758392748733183,282.7088252
24.771634777716947,282.7106651
24.79162756993911,282.7107461
24.786694333266354,282.713337
24.78046277383691,282.713672
24.805908215363655,282.7167626
24.781501390277686,282.7173462
24.751382279178873,282.7174299
24.78513644340897,282.7175974
24.78046277383691,282.7179325
24.804090688798016,282.718516
24.765143581579146,282.7191832
24.778645247271264,282.7194345
24.777087357413876,282.7199371
24.88276374375285,282.7200208
24.785915353533834,282.7205206
24.770855797984424,282.7209394
24.778385610563006,282.7216904
24.784357463676443,282.7219417
24.781501390277686,282.7238625
24.799936292642457,282.7239463
24.772413687841812,282.7241138
24.782020663694293,282.7249486
24.771115504300347,282.7253646
24.80305207235723,282.7267019
24.814216868459344,282.7270369
24.78046277383691,282.7277042
24.778904883979518,282.7279555
24.81006254191155,282.7287065
24.83005540374137,282.7289578
24.8209677013054,282.7310462
24.79682051292778,282.7315459
24.789290769956864,282.732216
24.78721360668297,282.7322997
24.80876428876242,282.732967
24.78331891684333,282.7332183
24.793964439529024,282.7341368
24.790848659814248,282.7343043
24.765143581579146,282.7347203
24.79162756993911,282.7348879
24.811620431768933,282.7349716
24.824343117728432,282.7351391
24.772413687841812,282.7362252
24.771894414425205,282.7387324
24.7461893361902,282.7388971
24.774490920723373,282.7397347
24.81915017473976,282.7408207
24.771894414425205,282.7410692
24.7970802192437,282.7413205
24.760469912007082,282.7429901
24.8017538192081,282.7441599
24.75397878547704,282.7475019
24.808504652054154,282.7482529
24.778385610563006,282.7491714
24.779424157396125,282.7492552
24.778385610563006,282.750009
24.767999724585668,282.750425
24.78020313712865,282.7512598
24.909247732112718,282.753016
24.76176816515622,282.7535157
24.817332648174116,282.7536832
24.78331891684333,282.7541858
24.792925823088144,282.7579438
24.77916452068777,282.758195
24.78799251680773,282.7583626
24.766961108144788,282.7593649
24.816553738049254,282.7596134
24.76410503474603,282.7610345
24.78773288009948,282.7612857
24.797599492660307,282.7613695
24.771115504300347,282.7624556
24.790069749689387,282.7661298
24.772413687841812,282.7665486
24.78305921052741,282.7670484
24.75345944245277,282.7681344
24.755536675334426,282.7692205
24.810322178619803,282.7708929
24.77916452068777,282.7722275
24.756834858875795,282.773146
24.786174990242085,282.7743996
24.75501733231016,282.7753182
24.76410503474603,282.7763205
24.771634777716947,282.7765718
24.792146912963283,282.7785764
24.784876806700716,282.7788277
24.757354201900064,282.7795787
24.759950638590475,282.7813349
24.74930511590488,282.7816671
24.784876806700716,282.7823372
24.77916452068777,282.7826695
24.776827720705622,282.7834233
24.771375141008694,282.7844256
24.7799435004203,282.7845903
24.788771496540353,282.7850929
24.750343732345755,282.7854279
24.77215405113346,282.786514
24.75501733231016,282.7867625
24.904574132148312,282.7886024
24.754757695601903,282.7891022
24.766961108144788,282.7896047
24.75112264247052,282.7898532
24.742554283058915,282.7972883
24.78072241054516,282.7980393
24.804090688798016,282.799293
24.795781966094665,282.8013814
24.74021748307667,282.8024675
24.806427488780265,282.8028025
24.78305921052741,282.8069793
24.81213970518544,282.8073144
24.812918684917967,282.808984
24.75060336905401,282.8102376
24.744371809624557,282.812742
24.81525548490022,282.8137444
24.748006862755844,282.8144982
24.79811876607682,282.8165866
24.78331891684333,282.8170864
24.739957846368412,282.8190911
24.811620431768933,282.8192586
24.740736756493174,282.8248566
24.81343795833457,282.8253563
24.759691001882217,282.8258589
24.89185137658106,282.8264424
24.78383819025993,282.826945
24.78539608011732,282.8280311
24.75319980574452,282.8281958
24.811360795060583,282.8308706
24.750863005762263,282.8319567
24.7970802192437,282.8337101
24.788252153516076,282.8341289
24.799417019225952,282.8366333
24.774490920723373,282.8367171
24.83732551000394,282.8368009
24.78331891684333,282.8388055
24.769297977734702,282.8388893
24.813178321626225,282.8398916
24.767220744853137,282.8413128
24.783578553551678,282.8423989
24.78228030040255,282.8434012
24.825122097460955,282.8476619
24.771634777716947,282.8488317
24.772933030865993,282.8552618
24.763326055013504,282.8560994
24.78046277383691,282.8579366
24.811620431768933,282.8603573
24.905093405564926,282.8637832
24.804090688798016,282.8733069
24.81343795833457,282.8870913
24.808504652054154,282.9002895
24.894707519587584,282.9005408
24.83732551000394,282.9146576
24.81525548490022,282.9278587
24.795002986362043,282.9337054
24.793704802820674,282.9342889
24.7931854597964,282.9357101
24.804090688798016,282.9366287
24.90950736882107,282.937215
24.782020663694293,282.9377148
24.78331891684333,282.9392198
24.789290769956864,282.9397196
24.775529467556492,282.940722
24.79630123951118,282.942978
24.80227316223237,282.9466524
24.758133112024833,282.9474901
24.810841521644072,282.9500784
24.794483712945535,282.9520831
24.805908215363655,282.9571788
24.80331170906549,282.9586837
24.766182198020026,282.9593511
24.7931854597964,282.9620259
24.800715272374987,282.9670378
24.79682051292778,282.9673729
24.891072466456293,282.9706285
24.804869598922874,282.9714662
24.758912091757356,282.9722173
24.813178321626225,282.9732196
24.800715272374987,282.9736357
24.80305207235723,282.9762268
24.803571345773744,282.9763943
24.766701471436534,282.9860022
24.773711940990843,282.9992845
24.902237262558405,283.0015406
24.771634777716947,283.0104784
24.80045563566673,283.0169953
24.812659048209717,283.0178302
24.81213970518544,283.019835
24.787473243391222,283.0223424
24.811360795060583,283.0228422
24.78072241054516,283.0235933
24.811880068477187,283.0271868
24.810841521644072,283.0292754
24.7799435004203,283.0295267
24.89185137658106,283.0303616
24.78228030040255,283.0306129
24.811101158352326,283.031364
24.776048740973096,283.0319476
24.78539608011732,283.0400533
24.78176102698604,283.050661
24.90950736882107,283.0580967
24.775269830848238,283.0600177
24.7739715776991,283.0665348
24.791887276255025,283.0678723
24.794483712945535,283.069542
24.809023925470765,283.0702932
24.79967665593421,283.0727168
24.791887276255025,283.0730519
24.78072241054516,283.0741381
24.78773288009948,283.0759754
24.778645247271264,283.0766427
24.78721360668297,283.076894
24.77578910426484,283.0769778
24.790069749689387,283.0775614
24.7799435004203,283.078064
24.777087357413876,283.0788988
24.79344509650475,283.079569
24.78020313712865,283.0798175
24.788511859832003,283.0804876
24.786694333266354,283.0814063
24.79344509650475,283.0819899
24.789290769956864,283.0828248
24.782020663694293,283.0830761
24.793964439529024,283.0836624
24.771115504300347,283.084246
24.784876806700716,283.0843298
24.886139160175883,283.0852484
24.791887276255025,283.0859158
24.787473243391222,283.0859995
24.7739715776991,283.0862508
24.795781966094665,283.0864184
24.774490920723373,283.0890906
24.75319980574452,283.0908469
24.75112264247052,283.0911792
24.786174990242085,283.092768
24.77345230428259,283.0928517
24.777087357413876,283.0941055
24.752161258911393,283.0951079
24.759950638590475,283.0951917
24.786174990242085,283.0954402
24.76825936129392,283.0956915
24.786953969974608,283.0960265
24.773711940990843,283.0963588
24.782020663694293,283.0964426
24.7461893361902,283.0971965
24.77215405113346,283.0981989
24.758912091757356,283.0996174
24.771115504300347,283.0997849
24.787473243391222,283.1007036
24.776827720705622,283.1013737
24.759171728465713,283.1018735
24.78124168396177,283.1034624
24.751382279178873,283.1047133
24.760210275298824,283.1073045
24.755276969018407,283.1080556
24.745670062773595,283.1096444
24.748006862755844,283.1108954
24.90327587899928,283.1131515
24.7654032182875,283.1176639
24.749045479196624,283.1278557
24.754238422185296,283.1367129
24.917816091524415,283.1399687
24.748006862755844,283.1446486
24.766182198020026,283.1523358
24.77578910426484,283.1584343
24.77630844728901,283.1641138
24.907689842255326,283.16871
24.807466105221042,283.1727198
24.785915353533834,283.1865893
24.905612678981434,283.1992862
24.76877863471053,283.202045
24.78773288009948,283.2168306
24.913402128268267,283.2285279
24.772413687841812,283.2307003
24.79656087621943,283.2439
24.765922561311665,283.2518388
24.78721360668297,283.2550137
24.811880068477187,283.2554298
24.812659048209717,283.2555136
24.895746066420696,283.2558486
24.811620431768933,283.2580211
24.813957231751086,283.2658734
24.80149418249984,283.2780735
24.901198715725286,283.2792407
24.83057467715788,283.2936944
24.905093405564926,283.2976233
24.794483712945535,283.3094019
24.890033850015417,283.3108233
24.889774213307163,283.3192621
24.881205853895466,283.3211833
24.898602209427118,283.3213508
24.896265409444965,283.3216022
24.91002671184524,283.3236072
24.800974909083337,283.3251095
24.915219654833912,283.3270307
24.91210387511924,283.3337997
24.81577475831673,283.3423223
24.915998564958777,283.3450785
24.79630123951118,283.3561898
24.934433536931213,283.3627075
24.807206398905027,283.3652152
24.848490306106147,283.3726517
24.831872930307018,283.3790828
24.83576762014655,283.3841792
24.930279140775657,283.3848494
24.836546530271416,283.3906969
24.82901678730059,283.3995548
24.85108681240431,283.401976
24.826939624026593,283.4029785
24.844335979558252,283.4046512
24.831093950574488,283.40557
24.923268671221344,283.4063212
24.820448427888895,283.4077426
24.8295360607171,283.4082424
24.853942885803068,283.412004
24.83758514671219,283.4122525
24.84459561626651,283.4138415
24.81707301146586,283.4153439
24.828237877175727,283.4207754
24.919114344673545,283.4267096
24.827978170859712,283.4298819
24.83732551000394,283.4423312
24.917037181399557,283.4436689
24.896525046153222,283.4547833
24.843037726409218,283.4569532
24.889514576598906,283.4602121
24.93157739392479,283.4632197
24.932616010365567,283.4683162
24.837065873295682,283.4726615
24.930538847091672,283.4792632
24.841739473260088,283.4889564
24.90665129542231,283.4946366
24.8487499428144,283.502657
24.84978855925518,283.5118504
24.898602209427118,283.5123502
24.830834313866234,283.5167794
24.855760412368713,283.5171145
24.83369045687266,283.5178657
24.874455021049403,283.5183656
24.842518452992614,283.5192034
24.86017444523252,283.5198708
24.860434081940777,283.5200384
24.8526447022617,283.5202059
24.84225881628436,283.5205383
24.832392203723526,283.5226272
24.830315040449626,283.5265536
24.891332103164547,283.5305667
24.822525591162787,283.5314017
24.811880068477187,283.5375846
24.828497513883985,283.5448539
24.884321633610238,283.5454376
24.822525591162787,283.5546283
24.899121482843725,283.5552147
24.86562702492945,283.5567172
24.86277088192302,283.5585576
24.853942885803068,283.5587251
24.87211822106725,283.5618976
24.845114889683114,283.5624003
24.90016009928451,283.5651567
24.85809728195862,283.5653243
24.85108681240431,283.565408
24.839402673277835,283.5657432
24.869521714769085,283.5679996
24.8765321843234,283.5708398
24.861991971798165,283.5711749
24.8765321843234,283.5725936
24.88717777661666,283.5732639
24.857058665517847,283.5747663
24.892889993021942,283.5750177
24.829795697425357,283.576104
24.84407634285,283.5765202
24.874714657757757,283.5784443
24.88821632344977,283.5806142
24.868223531227713,283.5809494
24.87601291090679,283.5818682
24.873935747632895,283.5822033
24.868223531227713,283.5842085
24.8295360607171,283.5848759
24.847971032689532,283.5850435
24.858876192083493,283.5851273
24.86069371864913,283.586465
24.88172512731207,283.5882188
24.845114889683114,283.5891376
24.87990760074643,283.5893889
24.847192052957013,283.5898078
24.845893869415644,283.5907266
24.89159173987281,283.5908942
24.879647964038075,283.594737
24.830834313866234,283.5969935
24.863030588239038,283.5986635
24.877051527347675,283.6000012
24.881465490603713,283.6001688
24.8765321843234,283.6024225
24.858876192083493,283.605933
24.88484090702675,283.6061843
24.878349710889037,283.6074382
24.842518452992614,283.6110297
24.868483167935967,283.6126188
24.833950093580913,283.61337
24.85835691866688,283.6157103
24.88484090702675,283.6194693
24.85835691866688,283.6223933
24.82200631774628,283.6243985
24.870300694501605,283.6246498
24.887697050033264,283.6251525
24.887437413325014,283.6301655
24.898342572718864,283.6335084
24.85290433896995,283.6335894
24.85368324909481,283.6346758
24.821487044329672,283.6353461
24.897303956278083,283.6370999
24.884321633610238,283.640359
24.853163975678207,283.6431155
24.890293486723774,283.643702
24.874974364073676,283.6437858
24.824862460752698,283.6441181
24.83369045687266,283.6467098
24.887437413325014,283.648715
24.86017444523252,283.6512229
24.884581270318492,283.6536442
24.86277088192302,283.6548144
24.885360180443357,283.6571547
24.87731116405592,283.6582411
24.89185137658106,283.6583249
24.87679189063932,283.6599112
